Video_ID,Title,Category,Published_Date,Views,Likes,Dislikes,Comments,Shares,Subscribers_Gained,Subscribers_Lost,Watch_Time_Minutes,Average_Percent_Watched,Average_View_Duration,Impressions,Click_Through_Rate,Traffic_Source,Device_Type,Audience_Country,Revenue,Gender,YouTuber_Name
VID0001,Cooking with Flair,Gaming,01-01-2023,168469,39632,3243,8995,843,874,475,14069,21.02,411,592552,4.23,Search,Mobile,UK,185.17,Male,MrBeast
VID0002,Educational Insights: Math,Lifestyle,02-01-2023,391719,12423,3134,489,1782,48,225,8534,58.06,309,878833,5.65,Search,TV,India,626.92,Male,PewDiePie
VID0003,Educational Insights: Math,Technology,03-01-2023,480361,45899,2070,5876,1564,566,52,19284,89.15,101,353368,4.35,Direct,Mobile,USA,173.8,Male,Nastya
VID0004,Inspirational Life Stories,Lifestyle,04-01-2023,102371,46920,359,9685,1184,665,398,7362,46.9,550,911698,9.66,Search,Mobile,USA,63.83,Male,Markiplier
VID0005,Fitness Routines for Beginners,Lifestyle,05-01-2023,39709,45508,2041,3645,746,354,223,1641,53.38,395,239690,6.08,Suggested,Tablet,India,330.36,Male,Dude Perfect
VID0006,Car Review: Latest Model,Entertainment,06-01-2023,193192,7943,1141,7081,1725,711,153,2865,16.34,123,9388,7.52,Direct,TV,Canada,231.14,Male,Lilly Singh (IISuperwomanII)
VID0007,Home Gardening Tips,Technology,07-01-2023,151322,14310,1635,2891,1140,307,47,10406,35.03,402,744526,9.37,Suggested,TV,Canada,888.99,Male,James Charles
VID0008,Top Tech Innovations,Technology,08-01-2023,22172,16556,4000,9897,270,867,350,4591,39.21,368,957163,5.96,External,TV,USA,54.95,Female,Zoella
VID0009,Tech Reviews: Best Smartphones,Technology,09-01-2023,12555,31467,1943,3516,769,884,146,3183,95.06,466,435913,0.22,External,Mobile,Canada,176.61,Male,Logan Paul
VID0010,Gaming Secrets Unveiled,Lifestyle,10-01-2023,481626,10206,4774,3340,1715,629,392,1957,35.44,365,221932,0.44,Search,TV,Canada,548.72,Male,Casey Neistat
VID0011,Yoga for Stress Relief,Gaming,11-01-2023,472833,38057,3361,6410,1510,774,63,869,51.48,521,361585,7.05,Search,TV,Canada,481.07,Male,Emma Chamberlain
VID0012,Top Tech Innovations,Technology,12-01-2023,54276,2572,2980,53,1908,45,348,17906,70.42,69,942478,2.86,Suggested,Desktop,USA,45.85,Female,GadgetUnboxer
VID0013,Car Review: Latest Model,Lifestyle,13-01-2023,58492,49959,6,2575,171,301,181,3072,24.6,388,279977,5.84,Suggested,Tablet,Canada,7.25,Male,SmartTechie
VID0014,Car Review: Latest Model,Entertainment,14-01-2023,185074,6804,3267,615,1973,867,124,18356,53.78,283,502116,2.1,Suggested,TV,UK,988.07,Female,LifeCoachAnna
VID0015,Home Gardening Tips,Gaming,15-01-2023,257010,3813,1591,5944,273,911,178,5699,76.47,427,561143,2.78,External,TV,USA,658.83,Male,ChefAntonio
VID0016,Educational Insights: Math,Entertainment,16-01-2023,352743,5151,4928,7404,258,407,38,18753,88.02,199,230987,5.1,Suggested,Tablet,India,365.41,Female,FitnessPro
VID0017,Fashion Hacks for 2023,Gaming,17-01-2023,466571,10856,3264,954,1158,188,259,5375,66.36,540,654474,9.76,Direct,Tablet,Canada,470.43,Female,GamerKing
VID0018,Home Gardening Tips,Lifestyle,18-01-2023,223320,2575,2606,1629,1706,821,381,6671,70.21,289,467619,6.2,Direct,Mobile,Germany,266.55,Female,TechGuru
VID0019,DIY Home Makeover,Education,19-01-2023,418978,36478,3219,6859,1745,829,2,5172,21.37,488,984262,9.37,External,Mobile,USA,344.87,Female,TechGuru
VID0020,Home Gardening Tips,Gaming,20-01-2023,12046,4355,3273,8841,1771,128,63,9731,95.12,558,687005,9.6,Suggested,Mobile,India,649.04,Male,FitnessPro
VID0021,Educational Insights: Math,Entertainment,21-01-2023,229071,14584,913,3278,421,560,28,11345,21.93,370,774390,2.16,Suggested,Tablet,UK,882.81,Male,GameMaster
VID0022,Yoga for Stress Relief,Lifestyle,22-01-2023,379165,34603,2011,5455,1444,536,371,14806,79.72,86,249934,3.18,Search,Desktop,India,184.13,Male,EduMath
VID0023,Street Food Tasting,Gaming,23-01-2023,422985,8358,1442,3801,1209,265,10,5563,33.83,247,890102,7.72,Direct,TV,Canada,840.36,Female,CalmWithYoga
VID0024,Car Review: Latest Model,Education,24-01-2023,185374,40847,3054,2561,1952,117,96,7550,94.02,493,338319,8.68,External,Tablet,Germany,121.56,Male,AdventureSeeker
VID0025,Healthy Living Tips,Education,25-01-2023,417366,35296,3546,6539,363,463,357,11195,74.8,276,181426,5.24,Suggested,Desktop,Canada,214.99,Female,GamerKing
VID0026,Street Food Tasting,Technology,26-01-2023,462463,45213,4221,370,1978,143,441,1413,77.84,402,592452,9.93,Search,Tablet,India,37.18,Male,GameMaster
VID0027,Cooking with Flair,Technology,27-01-2023,267997,40294,4912,857,1630,441,202,7947,29.72,446,501138,0.21,External,Desktop,USA,140.81,Male,CarCritic
VID0028,Healthy Living Tips,Entertainment,28-01-2023,488829,8633,2928,4886,377,199,410,17554,49.87,60,610941,3.07,External,Tablet,Germany,917.3,Male,GadgetUnboxer
VID0029,Fitness Routines for Beginners,Gaming,29-01-2023,121900,32681,1829,7485,1546,156,480,9266,65.6,397,618404,6.27,Direct,Tablet,Germany,459.44,Female,TechGuru
VID0030,Epic Gaming Adventure,Gaming,30-01-2023,483615,5349,575,383,579,486,20,10030,79.3,588,822217,4.75,Suggested,Desktop,India,77.67,Male,TravelLover
VID0031,Educational Insights: Math,Technology,31-01-2023,416008,19301,929,4334,890,859,38,3385,19.36,137,256849,1.25,External,Desktop,Canada,959.73,Female,StreetEats
VID0032,Thrilling Game Walkthrough,Gaming,01-02-2023,60129,9786,3759,4290,721,133,222,3195,96.61,447,411249,3.74,Search,Desktop,India,878.99,Male,InspireNow
VID0033,Car Review: Latest Model,Gaming,02-02-2023,238091,46977,3699,2725,1219,911,101,16804,90.12,427,950628,0.35,Search,Desktop,Germany,754.68,Female,SmartTechie
VID0034,Car Review: Latest Model,Education,03-02-2023,206550,32107,1463,6204,880,147,45,18805,34.33,301,571784,6.46,External,Desktop,India,933.47,Female,TravelLover
VID0035,Inspirational Life Stories,Technology,04-02-2023,245883,761,3275,6111,1121,335,65,655,84.05,145,309591,8.94,Search,Desktop,Germany,220.13,Female,CarCritic
VID0036,Epic Gaming Adventure,Lifestyle,05-02-2023,115130,44943,4928,4251,604,70,90,5532,56.65,285,421672,8.86,External,Desktop,Canada,836.37,Male,GadgetUnboxer
VID0037,Educational Insights: Math,Technology,06-02-2023,461514,30237,1054,922,21,232,163,1486,51.56,110,837962,7.03,Search,Desktop,USA,689.99,Female,ScienceNerd
VID0038,Gaming Secrets Unveiled,Lifestyle,07-02-2023,426203,47656,1900,2915,1473,333,458,11339,38.3,157,452313,4.71,External,Tablet,USA,869.76,Female,CalmWithYoga
VID0039,Epic Gaming Adventure,Education,08-02-2023,147922,42928,1457,7957,1195,810,110,10719,62.29,264,829375,5.17,External,Desktop,India,796.91,Male,CarCritic
VID0040,Mind-Blowing Science Experiments,Entertainment,09-02-2023,406328,48704,1399,3046,382,665,337,6954,75.69,582,653132,1.46,External,Desktop,Germany,346.5,Female,Fashionista
VID0041,Fashion Hacks for 2023,Gaming,10-02-2023,122789,10626,3415,9166,133,89,122,10296,46.98,210,230185,3.48,Search,Tablet,USA,774.4,Male,CarCritic
VID0042,Thrilling Game Walkthrough,Education,11-02-2023,156130,3474,442,1230,1449,333,192,16133,66.63,186,328108,1.96,External,Tablet,Germany,262.46,Female,LifeCoachAnna
VID0043,Inspirational Life Stories,Gaming,12-02-2023,177492,25692,3650,7647,1048,198,446,7737,72.94,483,652807,8.23,Direct,Mobile,Canada,328.59,Male,TravelLover
VID0044,Fashion Hacks for 2023,Entertainment,13-02-2023,39890,29082,4652,4933,502,160,98,13062,74,53,135524,9.16,External,Mobile,India,107.91,Male,GamerKing
VID0045,Thrilling Game Walkthrough,Entertainment,14-02-2023,67017,307,1178,9555,1208,537,290,15040,14.68,502,974884,5.42,Suggested,Desktop,Germany,935.08,Female,WanderlustJen
VID0046,Thrilling Game Walkthrough,Education,15-02-2023,179376,35533,4458,3940,1108,120,158,10718,87.38,429,183773,7.3,Suggested,Desktop,India,291,Male,GamerKing
VID0047,Gaming Secrets Unveiled,Entertainment,16-02-2023,164993,23297,1257,6483,1590,300,411,3893,51.24,163,645242,1.3,Direct,Mobile,Germany,520.62,Male,ScienceNerd
VID0048,Gaming Secrets Unveiled,Lifestyle,17-02-2023,133596,33500,3634,203,1786,723,102,7473,33.62,450,124944,6.12,External,Mobile,Germany,391.33,Female,CarCritic
VID0049,Street Food Tasting,Entertainment,18-02-2023,101424,3183,1841,160,143,574,384,2613,31.76,242,374819,7.06,Suggested,TV,Canada,959.93,Male,FitnessPro
VID0050,Top Tech Innovations,Gaming,19-02-2023,278192,29428,2309,8960,1886,962,280,2427,53.47,511,305104,4.58,External,TV,India,335.05,Male,AdventureSeeker
VID0051,Thrilling Game Walkthrough,Gaming,20-02-2023,429327,46579,910,3748,1933,435,42,8909,89.81,377,154368,2.51,Suggested,Desktop,UK,778.55,Female,InspireNow
VID0052,Hidden Travel Destinations,Gaming,21-02-2023,169976,42991,4340,6718,1702,67,485,18649,44.05,195,163318,8.79,Search,TV,Germany,855.42,Male,CalmWithYoga
VID0053,Cooking with Flair,Gaming,22-02-2023,318056,20203,4637,2581,1435,764,83,19792,77.48,377,480501,7.45,Search,Mobile,Germany,435.61,Male,InspireNow
VID0054,Educational Insights: Math,Lifestyle,23-02-2023,35008,39991,4009,1093,223,921,450,6552,18.71,427,515,9.01,Direct,Desktop,USA,378.17,Female,TravelLover
VID0055,Car Review: Latest Model,Technology,24-02-2023,394276,10854,2169,4500,219,458,190,7742,52.85,464,836689,8.2,Direct,Tablet,India,747.75,Male,ChefAntonio
VID0056,Home Gardening Tips,Education,25-02-2023,206738,34547,2172,8799,178,513,50,14535,99.25,250,157529,9.9,External,Tablet,UK,912.9,Male,DIYExpert
VID0057,Top Tech Innovations,Gaming,26-02-2023,84559,16001,123,5710,1654,397,385,1092,79.34,337,606329,2,Direct,Mobile,Canada,754.93,Male,WanderlustJen
VID0058,Yoga for Stress Relief,Entertainment,27-02-2023,56337,33104,3158,9732,432,619,209,5524,28.95,495,546080,0.96,External,TV,UK,227.13,Male,WanderlustJen
VID0059,Epic Gaming Adventure,Gaming,28-02-2023,373760,7546,785,2875,264,285,125,4481,55.13,128,385338,3.44,Search,Tablet,Canada,888.31,Female,EduMath
VID0060,Top Tech Innovations,Entertainment,01-03-2023,276494,37311,2416,3191,953,560,491,19658,31.03,271,163448,1.38,Search,TV,UK,387.58,Female,DIYExpert
VID0061,Travel Vlog: Europe,Entertainment,02-03-2023,25354,48331,796,1837,428,139,447,4882,46.86,187,716587,5.28,Suggested,Tablet,UK,576.23,Male,GameMaster
VID0062,Street Food Tasting,Gaming,03-03-2023,46186,29401,4172,689,1685,729,457,7560,80.21,583,47546,6.37,External,TV,India,831.44,Female,WanderlustJen
VID0063,Educational Insights: Math,Lifestyle,04-03-2023,29145,26216,4154,3759,415,555,68,19562,79.41,256,539605,5.83,Search,Tablet,USA,188.39,Female,FitnessPro
VID0064,Top Tech Innovations,Entertainment,05-03-2023,428236,41423,1936,2103,1476,928,264,3083,30.53,452,10259,2.67,Search,Tablet,UK,784.51,Female,Fashionista
VID0065,Yoga for Stress Relief,Entertainment,06-03-2023,87123,18852,2156,365,726,780,257,14282,93,101,180004,9.1,External,Desktop,Germany,596.16,Male,ScienceNerd
VID0066,Gaming Secrets Unveiled,Gaming,07-03-2023,207258,32476,3807,8092,196,589,417,2623,63.33,272,269056,0.31,Suggested,Desktop,Germany,893.34,Female,FitnessPro
VID0067,Educational Insights: Math,Entertainment,08-03-2023,217541,16769,1301,4172,1577,727,187,9777,44.19,559,451473,3.55,Suggested,Mobile,Germany,171.97,Male,ChefAntonio
VID0068,Car Review: Latest Model,Entertainment,09-03-2023,21581,33016,4163,6033,1076,893,229,10392,55.17,74,283148,7.22,Suggested,Tablet,USA,420.68,Female,Fashionista
VID0069,Unboxing Latest Gadgets,Gaming,10-03-2023,89929,13495,3140,2378,479,609,188,15189,64.46,501,371144,7.69,Suggested,TV,UK,832.84,Male,FitnessPro
VID0070,Top Tech Innovations,Gaming,11-03-2023,286195,20521,3236,1205,1466,747,414,4681,60.39,400,271151,4.22,Search,Tablet,Canada,19.23,Male,GadgetUnboxer
VID0071,Car Review: Latest Model,Education,12-03-2023,52474,26442,2352,4988,1353,281,9,12007,53.78,121,21550,0.27,External,TV,Canada,112.2,Female,EduMath
VID0072,Fitness Routines for Beginners,Lifestyle,13-03-2023,92748,4995,1932,5669,1274,660,113,5709,55.44,51,398536,6.22,External,TV,India,990.57,Male,GameMaster
VID0073,Epic Gaming Adventure,Lifestyle,14-03-2023,126995,11123,2721,2735,1830,923,75,18485,25.88,201,925839,0.72,Search,Tablet,USA,280.39,Male,GamerKing
VID0074,Healthy Living Tips,Entertainment,15-03-2023,246690,10799,364,9867,889,815,163,17871,83.15,221,486883,1.17,Search,TV,UK,975.54,Male,Fashionista
VID0075,Cooking with Flair,Lifestyle,16-03-2023,332770,9815,4916,8490,1806,995,84,11475,58.76,106,100653,6.54,Search,Mobile,Germany,182.53,Female,TravelLover
VID0076,Hidden Travel Destinations,Entertainment,17-03-2023,270104,19269,2390,956,1990,935,48,17514,21.8,310,800519,3.19,Direct,Desktop,USA,361.09,Male,WanderlustJen
VID0077,Street Food Tasting,Education,18-03-2023,429988,16263,946,9306,924,577,494,10057,78.95,393,231829,3.55,External,TV,USA,752.87,Female,CarCritic
VID0078,Hidden Travel Destinations,Gaming,19-03-2023,415736,5882,1377,6623,122,745,325,13055,93.92,208,582520,4.92,External,Tablet,UK,657.78,Male,TravelLover
VID0079,Car Review: Latest Model,Gaming,20-03-2023,181553,22741,1439,1474,1902,456,495,1320,95.26,267,576709,9.79,External,Desktop,India,581.12,Male,AdventureSeeker
VID0080,Travel Vlog: Europe,Gaming,21-03-2023,37408,18892,3180,4460,1410,86,176,13263,43.21,164,439215,9.66,Suggested,Mobile,India,529.9,Male,DIYExpert
VID0081,Top Tech Innovations,Lifestyle,22-03-2023,357150,49592,4857,7002,1362,78,386,13389,22.2,309,642522,4.22,Search,TV,India,843.44,Female,DIYExpert
VID0082,Fashion Hacks for 2023,Education,23-03-2023,260568,35685,340,6396,777,204,457,12637,56.66,48,917036,2.73,Search,TV,Germany,234.95,Male,LifeCoachAnna
VID0083,Car Review: Latest Model,Lifestyle,24-03-2023,320278,30782,2989,2828,347,790,388,9910,20.13,400,138412,3.1,Search,Desktop,Germany,442.47,Female,GameMaster
VID0084,Thrilling Game Walkthrough,Lifestyle,25-03-2023,152563,47964,382,2850,28,336,493,9555,94.06,141,497086,2.76,Direct,TV,UK,155.45,Male,LifeCoachAnna
VID0085,Fitness Routines for Beginners,Education,26-03-2023,133413,18980,1556,2964,974,253,217,9163,26.52,250,983081,5.37,External,Tablet,India,595.94,Female,GamerKing
VID0086,Cooking with Flair,Education,27-03-2023,176695,38167,299,4594,34,303,188,934,32.75,333,556228,6.11,Search,Desktop,UK,250.54,Female,WanderlustJen
VID0087,Top Tech Innovations,Education,28-03-2023,91327,42785,138,9141,1541,379,468,1824,46.6,354,559971,4.94,Direct,Desktop,India,333.84,Male,TravelLover
VID0088,Healthy Living Tips,Education,29-03-2023,394554,18173,358,6644,1419,129,492,2513,44.48,466,883104,4.14,Search,TV,USA,471.25,Male,GamerKing
VID0089,Unboxing Latest Gadgets,Gaming,30-03-2023,203503,36135,4931,2850,622,595,345,9605,81.52,467,658249,2.19,Suggested,Mobile,Canada,26.77,Female,StreetEats
VID0090,Fashion Hacks for 2023,Technology,31-03-2023,144326,37274,1522,165,1317,275,229,4598,51.07,199,973080,4.88,External,Mobile,Canada,91.94,Male,ScienceNerd
VID0091,Car Review: Latest Model,Technology,01-04-2023,183932,24937,3456,919,588,698,254,2205,25.37,404,639303,3.48,Direct,Mobile,India,685.93,Male,GameMaster
VID0092,Yoga for Stress Relief,Education,02-04-2023,12344,17926,1627,8305,1372,557,235,2668,34.05,586,385827,5.46,Search,Mobile,UK,428.97,Female,GadgetUnboxer
VID0093,Fitness Routines for Beginners,Technology,03-04-2023,395966,25081,1303,3504,1170,898,25,9430,55.82,410,328943,6.78,External,Desktop,Germany,864.79,Female,AdventureSeeker
VID0094,DIY Home Makeover,Technology,04-04-2023,448972,10482,1134,991,1090,182,71,16693,23.27,43,745321,6.37,Direct,Desktop,India,694.67,Female,ScienceNerd
VID0095,Home Gardening Tips,Education,05-04-2023,68957,4537,2186,6047,903,267,260,5011,65.05,529,640291,4.68,External,TV,India,8.1,Male,InspireNow
VID0096,Gaming Secrets Unveiled,Technology,06-04-2023,106423,5535,3170,3839,519,807,253,18704,60.92,420,39523,5.6,External,Mobile,Germany,616.71,Male,Fashionista
VID0097,Mind-Blowing Science Experiments,Lifestyle,07-04-2023,321197,24919,3835,1258,121,321,270,16717,74.32,578,181601,2.92,Suggested,Mobile,India,93.72,Female,ChefAntonio
VID0098,Cooking with Flair,Entertainment,08-04-2023,465071,36975,2151,7609,339,511,122,892,94.39,594,302585,0.34,External,TV,USA,780.93,Male,TechGuru
VID0099,Top Tech Innovations,Entertainment,09-04-2023,147968,32082,1237,8706,174,611,143,14295,92.1,559,447666,6.29,Direct,TV,Germany,991.51,Female,LifeCoachAnna
VID0100,Inspirational Life Stories,Education,10-04-2023,187833,33428,3735,4804,1923,77,256,14001,95.15,521,908609,2.6,External,TV,USA,531.2,Male,GardenGuru
VID0101,Inspirational Life Stories,Gaming,11-04-2023,194624,12429,2834,67,1714,783,143,15862,32.02,579,742819,6.72,Direct,Tablet,Canada,682.78,Female,GameMaster
VID0102,Gaming Secrets Unveiled,Education,12-04-2023,252147,25269,4260,9788,596,338,420,19594,21.84,414,76554,7.5,External,TV,Germany,237.31,Female,WanderlustJen
VID0103,DIY Home Makeover,Gaming,13-04-2023,78454,22032,998,5660,450,673,258,18650,37.2,225,328007,9.17,Search,TV,Germany,437.6,Female,ChefAntonio
VID0104,Mind-Blowing Science Experiments,Entertainment,14-04-2023,258594,34694,2567,4478,556,555,435,8626,90.56,329,502272,9.59,Suggested,Tablet,UK,856.1,Female,GardenGuru
VID0105,Educational Insights: Math,Education,15-04-2023,353744,11521,1307,8210,1159,508,46,15998,97.48,576,586530,0.2,Search,Mobile,UK,167.42,Female,WanderlustJen
VID0106,Thrilling Game Walkthrough,Lifestyle,16-04-2023,385876,45133,656,3521,1878,237,350,1314,87.34,337,491612,9.9,Suggested,Desktop,Germany,265.54,Male,CalmWithYoga
VID0107,Gaming Secrets Unveiled,Technology,17-04-2023,422151,7729,2660,572,1039,133,12,15446,19.9,281,570003,6.86,Direct,Mobile,Canada,445.43,Female,LifeCoachAnna
VID0108,Inspirational Life Stories,Gaming,18-04-2023,38641,8425,2211,7082,1356,972,375,312,95.27,37,834789,6.47,Suggested,Desktop,India,712.25,Female,CalmWithYoga
VID0109,Unboxing Latest Gadgets,Technology,19-04-2023,30711,28595,1909,7832,1218,191,207,1758,48.1,237,842408,0.25,External,Desktop,UK,375.88,Female,LifeCoachAnna
VID0110,Street Food Tasting,Technology,20-04-2023,333486,31850,3730,5395,1519,355,310,12370,10.84,160,159745,8.63,External,TV,Canada,927.73,Female,ScienceNerd
VID0111,Yoga for Stress Relief,Education,21-04-2023,370040,29719,2046,2258,8,277,234,14129,49.82,55,403111,1.54,Search,TV,Canada,94.46,Female,Fashionista
VID0112,Car Review: Latest Model,Technology,22-04-2023,144254,40561,3162,6039,1851,17,148,5124,14.15,483,846700,8.39,Suggested,Tablet,UK,370.8,Female,GameMaster
VID0113,Inspirational Life Stories,Lifestyle,23-04-2023,88833,8364,1140,650,333,523,321,13139,58.95,215,241943,0.25,Direct,Mobile,India,708.95,Female,FitnessPro
VID0114,Healthy Living Tips,Technology,24-04-2023,319420,12786,266,5741,1356,179,437,5241,40.47,513,478459,6.5,Direct,Mobile,UK,225.99,Female,StreetEats
VID0115,Yoga for Stress Relief,Education,25-04-2023,282685,46584,1845,6838,1016,122,154,18278,52.61,80,104091,4.4,External,Desktop,Canada,656.41,Male,ChefAntonio
VID0116,Top Tech Innovations,Lifestyle,26-04-2023,357601,24326,1708,2587,326,245,165,6088,65.19,34,249545,2.09,Direct,TV,USA,164.22,Male,TechGuru
VID0117,Hidden Travel Destinations,Entertainment,27-04-2023,476526,6821,3630,7876,14,733,89,13877,88.19,189,571017,1.16,External,TV,UK,55.98,Female,AdventureSeeker
VID0118,Gaming Secrets Unveiled,Technology,28-04-2023,45813,20709,3211,3262,838,372,185,5678,69.57,237,944643,4.46,External,Mobile,Canada,121.02,Male,CalmWithYoga
VID0119,Epic Gaming Adventure,Education,29-04-2023,169270,7473,2293,1338,1637,50,317,15151,49.06,286,898638,1.32,External,Tablet,UK,929.98,Male,FitnessPro
VID0120,Street Food Tasting,Entertainment,30-04-2023,140892,38775,3732,4996,225,999,357,3945,83.75,234,63083,4.92,Search,TV,Canada,551.75,Male,WanderlustJen
VID0121,Car Review: Latest Model,Entertainment,01-05-2023,287214,48995,3829,5780,1448,70,173,11982,91.5,40,256431,6.29,Search,Tablet,India,796.35,Female,GamerKing
VID0122,Thrilling Game Walkthrough,Gaming,02-05-2023,463984,29037,1510,2827,1813,479,216,14347,20.78,37,160496,8.29,External,Mobile,Canada,332.65,Male,GardenGuru
VID0123,Healthy Living Tips,Lifestyle,03-05-2023,405338,5756,475,5232,1431,559,394,11584,57.87,438,650799,6.82,External,Mobile,Germany,592.66,Female,GamerKing
VID0124,Top Tech Innovations,Technology,04-05-2023,343703,9084,976,2217,112,18,455,478,35.61,61,466685,0.75,External,Tablet,USA,494.95,Male,GamerKing
VID0125,Cooking with Flair,Education,05-05-2023,205615,30084,1207,3539,1451,773,263,3393,14.24,569,292748,3.14,Direct,TV,Canada,945.74,Male,ScienceNerd
VID0126,Mind-Blowing Science Experiments,Gaming,06-05-2023,477657,8386,1960,7845,0,83,96,19813,70.17,416,765448,2.95,External,Mobile,UK,747.57,Male,CarCritic
VID0127,DIY Home Makeover,Lifestyle,07-05-2023,42786,6001,557,9229,265,154,116,11730,87.65,257,824526,9.16,External,Desktop,UK,730.54,Male,TravelLover
VID0128,DIY Home Makeover,Gaming,08-05-2023,227006,31652,882,4383,1514,564,198,13760,24.66,504,266308,8.69,Suggested,Mobile,Canada,46.35,Male,WanderlustJen
VID0129,Top Tech Innovations,Lifestyle,09-05-2023,231876,25809,2194,2961,1231,618,319,16708,83.12,236,797460,3.76,Suggested,TV,Germany,549.67,Female,FitnessPro
VID0130,Unboxing Latest Gadgets,Lifestyle,10-05-2023,400953,31155,4761,3226,1645,356,485,837,86.81,347,684050,0.8,Suggested,Desktop,Canada,466.99,Male,InspireNow
VID0131,Fitness Routines for Beginners,Technology,11-05-2023,299206,37785,2667,6837,1735,815,20,16719,92.29,586,721893,8.95,Suggested,Mobile,India,927.84,Female,TechGuru
VID0132,Street Food Tasting,Lifestyle,12-05-2023,448453,8529,4959,7031,951,646,199,12570,33.88,377,454877,8.89,External,TV,Germany,257.34,Male,GardenGuru
VID0133,Tech Reviews: Best Smartphones,Gaming,13-05-2023,314715,14816,4677,9290,1392,442,370,17195,91.36,263,729037,8.56,Suggested,TV,Canada,269.83,Male,GadgetUnboxer
VID0134,Epic Gaming Adventure,Lifestyle,14-05-2023,288654,48663,4790,9131,305,68,446,16217,38.86,73,653192,8.47,Direct,Mobile,USA,411.35,Female,ChefAntonio
VID0135,Top Tech Innovations,Technology,15-05-2023,282570,11238,1610,3716,11,522,340,14879,59.71,171,988183,4.85,Direct,TV,Germany,243.37,Male,GardenGuru
VID0136,Car Review: Latest Model,Technology,16-05-2023,38265,35398,3488,3414,1368,142,447,18372,14.55,205,202164,1.86,Suggested,Tablet,Canada,129.18,Female,FitnessPro
VID0137,Inspirational Life Stories,Gaming,17-05-2023,412066,23529,2454,1448,1488,191,247,17743,13.95,478,295543,4.83,Search,Desktop,USA,857.41,Male,AdventureSeeker
VID0138,Home Gardening Tips,Entertainment,18-05-2023,250321,5872,4494,570,1723,386,275,7371,74.83,111,857911,5,Direct,Tablet,Canada,558.28,Male,DIYExpert
VID0139,Street Food Tasting,Entertainment,19-05-2023,67150,48344,1946,2904,1689,377,263,17232,50,164,542029,4.95,Direct,Mobile,India,861.36,Female,GardenGuru
VID0140,Yoga for Stress Relief,Lifestyle,20-05-2023,88312,48619,4810,2505,1517,580,57,12278,33.07,206,833143,5.43,Suggested,Tablet,UK,831.13,Male,EduMath
VID0141,Hidden Travel Destinations,Education,21-05-2023,90613,35832,4799,917,1391,534,301,14590,27.14,412,588260,2.65,Suggested,Mobile,Canada,282.04,Female,CarCritic
VID0142,Mind-Blowing Science Experiments,Lifestyle,22-05-2023,338054,40005,2808,6982,1869,692,30,13963,70.3,272,205820,3.73,External,Mobile,Germany,547.74,Male,TravelLover
VID0143,Healthy Living Tips,Gaming,23-05-2023,315519,17447,3825,7427,936,292,497,1923,10.04,596,991761,4.4,Direct,TV,Canada,83.22,Male,FitnessPro
VID0144,Mind-Blowing Science Experiments,Gaming,24-05-2023,122826,17020,3536,6336,419,8,248,6952,82.53,170,31846,1.4,Suggested,TV,Canada,915.25,Male,FitnessPro
VID0145,Epic Gaming Adventure,Gaming,25-05-2023,36435,31922,3802,1678,888,270,92,13172,17.13,486,605984,4.61,Suggested,Mobile,Canada,404.26,Female,GameMaster
VID0146,Hidden Travel Destinations,Gaming,26-05-2023,359587,46759,4177,615,1814,386,495,11233,27.23,469,367095,8.12,External,Desktop,Canada,393.68,Female,ScienceNerd
VID0147,Healthy Living Tips,Gaming,27-05-2023,451348,40208,4699,9941,170,92,264,15211,44.76,85,732984,8.3,Direct,Desktop,Germany,302.76,Female,EduMath
VID0148,Hidden Travel Destinations,Technology,28-05-2023,211017,23663,1970,7086,133,965,270,6619,53.64,556,889840,4.17,Suggested,Desktop,Germany,460.66,Male,GameMaster
VID0149,Epic Gaming Adventure,Entertainment,29-05-2023,476266,8067,3822,4749,964,528,93,1877,41.95,448,435936,5.24,External,Tablet,Canada,251.76,Female,CalmWithYoga
VID0150,Healthy Living Tips,Gaming,30-05-2023,489618,45283,2819,3505,1450,153,153,17706,38.86,117,149514,0.43,Suggested,Mobile,UK,374.85,Male,ChefAntonio
VID0151,Mind-Blowing Science Experiments,Education,31-05-2023,135055,11971,902,4529,1048,404,393,14872,96.75,37,836099,6.78,Search,TV,Canada,799.95,Male,WanderlustJen
VID0152,Unboxing Latest Gadgets,Education,01-06-2023,491457,28863,364,1135,1553,839,284,13721,67.74,506,823305,4.11,Search,Tablet,Germany,834.26,Male,ChefAntonio
VID0153,Home Gardening Tips,Education,02-06-2023,152734,12016,4258,8566,1213,148,79,11959,12.11,244,854075,4.51,Suggested,Tablet,India,304.18,Female,CalmWithYoga
VID0154,Tech Reviews: Best Smartphones,Education,03-06-2023,286654,8834,3119,7226,1164,888,291,18261,48.72,581,645411,8.75,Direct,TV,Canada,469.01,Male,LifeCoachAnna
VID0155,Fitness Routines for Beginners,Technology,04-06-2023,210259,33713,2558,5162,1578,266,83,9596,88.75,526,896945,4.67,Search,Mobile,Canada,873.82,Male,StreetEats
VID0156,Travel Vlog: Europe,Education,05-06-2023,173070,28279,1863,206,1869,421,364,7590,37.13,532,2516,0.31,External,Tablet,Canada,52.67,Male,SmartTechie
VID0157,Gaming Secrets Unveiled,Gaming,06-06-2023,451062,35362,115,4875,1819,839,373,8993,18.51,274,856042,2.35,Suggested,Mobile,Canada,889.14,Male,DIYExpert
VID0158,Cooking with Flair,Lifestyle,07-06-2023,95071,12777,2384,1319,657,617,36,3089,78.25,507,523695,4.81,External,Mobile,USA,219.18,Male,ChefAntonio
VID0159,Fashion Hacks for 2023,Education,08-06-2023,269784,18368,4976,1141,1338,471,341,8443,64.54,338,964313,4.3,Search,Mobile,Canada,678.54,Female,FitnessPro
VID0160,Street Food Tasting,Technology,09-06-2023,307691,12430,3935,4627,1467,892,326,17809,61.33,260,532062,8.62,Direct,TV,Germany,582.55,Male,SmartTechie
VID0161,Healthy Living Tips,Technology,10-06-2023,317764,20833,4935,7389,1342,546,406,12014,14.82,412,16248,5.47,External,Mobile,Germany,552.94,Female,ScienceNerd
VID0162,Mind-Blowing Science Experiments,Education,11-06-2023,147389,38047,2490,2690,1464,630,424,9098,22.64,184,413891,6.93,Search,Tablet,USA,859.36,Female,AdventureSeeker
VID0163,Tech Reviews: Best Smartphones,Lifestyle,12-06-2023,116608,27386,942,7323,1115,525,231,2822,66.03,204,498426,4.75,Search,TV,Canada,101.57,Female,FitnessPro
VID0164,DIY Home Makeover,Education,13-06-2023,270708,6710,1724,3255,178,502,92,4756,28.7,144,536614,4.45,Search,TV,UK,347.03,Male,DIYExpert
VID0165,Healthy Living Tips,Technology,14-06-2023,159417,6530,2334,8281,1079,13,335,17809,55.37,419,869940,4.52,External,Tablet,Canada,538.25,Male,GardenGuru
VID0166,Thrilling Game Walkthrough,Entertainment,15-06-2023,114824,40022,2767,5213,1178,777,101,4233,59.04,340,654076,4.17,Search,TV,Germany,811.29,Male,LifeCoachAnna
VID0167,Top Tech Innovations,Gaming,16-06-2023,488439,13928,1137,4108,1695,651,411,19353,35.52,329,427845,5.43,Suggested,Tablet,India,216.44,Female,WanderlustJen
VID0168,Fashion Hacks for 2023,Technology,17-06-2023,255444,43013,2527,3020,110,805,431,1342,95.36,47,201581,2.58,Search,Desktop,India,802.93,Female,TechGuru
VID0169,Educational Insights: Math,Education,18-06-2023,80273,31597,4117,1857,136,363,165,8639,85.82,41,775842,8.92,Suggested,Tablet,UK,399.64,Female,InspireNow
VID0170,Unboxing Latest Gadgets,Gaming,19-06-2023,338003,39356,3420,8996,231,118,158,1931,75.01,433,417206,3.4,Direct,TV,Canada,188.91,Male,TravelLover
VID0171,Mind-Blowing Science Experiments,Education,20-06-2023,212837,36718,4778,9136,991,237,13,18053,17.02,261,892555,1.56,Suggested,Tablet,USA,758.99,Male,TravelLover
VID0172,Inspirational Life Stories,Education,21-06-2023,111017,49941,3906,2789,467,545,372,7346,19.55,307,173007,1.06,Direct,Desktop,Canada,90.9,Female,CalmWithYoga
VID0173,Travel Vlog: Europe,Entertainment,22-06-2023,468254,46432,3637,3875,731,168,224,18402,54.35,382,730877,0.23,Direct,Mobile,UK,514.77,Female,WanderlustJen
VID0174,Cooking with Flair,Gaming,23-06-2023,124618,26626,2953,7605,480,521,72,3332,24.46,332,926524,4.29,Suggested,Mobile,UK,63.88,Male,TechGuru
VID0175,Yoga for Stress Relief,Gaming,24-06-2023,446609,30258,2367,9802,1091,633,248,3858,98.04,570,520640,1.96,Direct,Mobile,UK,356.42,Female,Fashionista
VID0176,Street Food Tasting,Entertainment,25-06-2023,460297,25132,4221,8135,813,912,90,6097,24.27,499,223523,0.31,Suggested,TV,India,601.08,Female,AdventureSeeker
VID0177,Hidden Travel Destinations,Technology,26-06-2023,126341,37946,276,6055,1272,656,215,18839,53.87,106,345750,5.25,External,Desktop,Canada,556.12,Male,TechGuru
VID0178,Yoga for Stress Relief,Education,27-06-2023,496866,45036,1999,3882,993,962,460,11072,42.77,550,717737,6.83,Direct,Tablet,Canada,404.66,Male,TravelLover
VID0179,Thrilling Game Walkthrough,Lifestyle,28-06-2023,292574,29894,1227,7175,322,957,89,15468,67.54,53,937802,0.95,Suggested,Tablet,USA,429.05,Male,CarCritic
VID0180,Unboxing Latest Gadgets,Education,29-06-2023,207604,5548,3752,7129,921,734,28,1924,21.61,44,317282,4.66,Direct,Tablet,UK,226.77,Female,InspireNow
VID0181,Travel Vlog: Europe,Education,30-06-2023,28788,28961,3735,5021,903,882,434,10783,48.73,554,69572,7.46,Search,Tablet,UK,455.88,Male,CarCritic
VID0182,Fitness Routines for Beginners,Technology,01-07-2023,227577,28241,695,4735,1541,768,304,4160,34.72,376,67809,9.86,Suggested,TV,Germany,953.25,Male,AdventureSeeker
VID0183,Thrilling Game Walkthrough,Education,02-07-2023,442759,9174,1309,2387,1999,779,426,504,89.9,201,161466,6.71,Search,TV,Germany,850.45,Female,StreetEats
VID0184,Fitness Routines for Beginners,Entertainment,03-07-2023,408135,6506,4152,6582,1815,870,475,18205,13.65,356,980967,2.52,Direct,Desktop,India,145.23,Male,AdventureSeeker
VID0185,Inspirational Life Stories,Entertainment,04-07-2023,332490,31923,3234,9133,1455,515,219,11117,92.24,514,502275,7.19,Direct,Tablet,Canada,29.78,Female,DIYExpert
VID0186,Gaming Secrets Unveiled,Gaming,05-07-2023,359266,23391,4114,5866,1510,937,327,3945,84.97,518,387368,6.02,External,Mobile,USA,933.52,Female,InspireNow
VID0187,Inspirational Life Stories,Lifestyle,06-07-2023,40974,41668,2311,2566,605,396,214,11484,36.78,491,186139,2.2,Suggested,TV,USA,526.75,Female,GadgetUnboxer
VID0188,Home Gardening Tips,Education,07-07-2023,370453,32103,2841,975,428,865,220,16548,81.04,407,914775,8.53,Search,Desktop,UK,537.84,Female,LifeCoachAnna
VID0189,Healthy Living Tips,Education,08-07-2023,17371,46951,4208,7212,1292,105,388,9591,12.81,193,560114,4.33,External,Desktop,USA,780.72,Female,EduMath
VID0190,Yoga for Stress Relief,Technology,09-07-2023,308228,34506,3559,9146,1732,84,41,13212,97.02,401,710919,9.62,Direct,TV,UK,314.69,Male,DIYExpert
VID0191,Hidden Travel Destinations,Entertainment,10-07-2023,423845,23412,3398,1262,1560,213,134,11885,57.39,453,792011,7.26,Direct,Mobile,Canada,481.91,Male,DIYExpert
VID0192,Unboxing Latest Gadgets,Lifestyle,11-07-2023,183256,43208,541,5047,147,120,41,1068,37.3,506,943842,6.48,External,Mobile,USA,968.66,Female,TravelLover
VID0193,Top Tech Innovations,Gaming,12-07-2023,325060,1482,2694,9135,1141,131,163,468,42.63,411,384056,7.31,Search,Tablet,UK,672.15,Female,DIYExpert
VID0194,Top Tech Innovations,Entertainment,13-07-2023,74972,34271,4674,7382,849,849,360,8524,15.98,184,612128,4.83,Direct,TV,Canada,153.75,Male,SmartTechie
VID0195,Mind-Blowing Science Experiments,Gaming,14-07-2023,194259,41879,1088,6231,366,196,282,2342,99.04,286,965113,5.1,Direct,Mobile,Canada,133.23,Male,EduMath
VID0196,Car Review: Latest Model,Technology,15-07-2023,276128,3392,3363,3327,849,18,57,3183,13.54,97,872143,8.53,Suggested,TV,UK,204.26,Male,TechGuru
VID0197,Yoga for Stress Relief,Technology,16-07-2023,296183,41879,24,5630,1089,641,301,13422,68.94,373,419310,6.84,External,Desktop,UK,766.71,Female,TravelLover
VID0198,Fashion Hacks for 2023,Education,17-07-2023,86431,33287,1572,2259,1993,11,321,1569,49.85,306,305393,8.98,Direct,Desktop,India,295.38,Female,CarCritic
VID0199,Car Review: Latest Model,Lifestyle,18-07-2023,346835,12511,2958,1257,812,80,24,4825,95.4,420,692152,8.92,Search,Desktop,Canada,21.39,Female,TechGuru
VID0200,Top Tech Innovations,Gaming,19-07-2023,321750,37385,4236,464,1393,329,72,4359,32.14,478,642980,9.77,Suggested,TV,UK,944.17,Male,ScienceNerd
VID0201,Yoga for Stress Relief,Entertainment,20-07-2023,404832,15522,1767,3294,174,865,372,3722,57.89,288,861466,7.03,External,Tablet,Canada,169.71,Female,GadgetUnboxer
VID0202,Fitness Routines for Beginners,Technology,21-07-2023,365809,42568,4743,6774,1854,773,410,10392,53.41,336,252249,5.07,Search,Tablet,USA,9.56,Male,LifeCoachAnna
VID0203,Tech Reviews: Best Smartphones,Education,22-07-2023,106373,32471,2235,7431,587,391,128,17307,73.26,124,866165,1.75,Direct,Mobile,Germany,237.13,Female,GamerKing
VID0204,Inspirational Life Stories,Education,23-07-2023,182144,5793,200,1230,494,636,86,3531,16.12,493,576606,7.08,External,TV,Germany,235.03,Male,AdventureSeeker
VID0205,Cooking with Flair,Gaming,24-07-2023,287718,33635,3198,9076,972,306,329,4251,27.44,275,898842,2.99,External,Tablet,UK,422.01,Male,CarCritic
VID0206,Inspirational Life Stories,Technology,25-07-2023,397646,14918,256,3805,1137,266,425,4313,29.31,216,538217,2.9,Search,TV,UK,920.39,Female,TechGuru
VID0207,Fitness Routines for Beginners,Lifestyle,26-07-2023,251195,31338,3747,6419,1134,446,435,15335,76.43,402,582536,2.46,External,Tablet,Canada,879.18,Male,CarCritic
VID0208,Hidden Travel Destinations,Technology,27-07-2023,144748,30974,4642,5750,1784,440,152,9089,27.02,435,573595,8.76,Search,Desktop,UK,456.89,Male,TechGuru
VID0209,Fitness Routines for Beginners,Gaming,28-07-2023,405032,26815,2241,3856,1462,894,181,879,61.61,437,269784,8.69,Direct,Desktop,Canada,410.9,Female,InspireNow
VID0210,Fashion Hacks for 2023,Gaming,29-07-2023,33733,27705,3175,3135,1738,651,124,15451,29.37,154,325870,6.35,Suggested,Mobile,UK,555.01,Male,CarCritic
VID0211,Hidden Travel Destinations,Technology,30-07-2023,217752,34417,3606,6953,1170,840,66,11142,87.55,366,762949,4.78,Search,Desktop,Canada,243.45,Female,SmartTechie
VID0212,Hidden Travel Destinations,Gaming,31-07-2023,3050,31274,3336,9116,34,1,5,19376,94.8,370,408617,6.75,Suggested,Tablet,UK,52.18,Female,GamerKing
VID0213,Epic Gaming Adventure,Technology,01-08-2023,110996,10056,4897,6034,998,519,124,5634,56.66,592,875747,6.11,External,Mobile,India,939.22,Male,EduMath
VID0214,DIY Home Makeover,Entertainment,02-08-2023,34933,39008,413,4589,1332,761,313,3406,41.71,207,815457,4.22,Search,Mobile,Canada,186.7,Male,GameMaster
VID0215,Educational Insights: Math,Technology,03-08-2023,25951,10937,2014,1546,537,650,325,3002,31.07,199,283135,3.86,Direct,Desktop,India,198.4,Female,AdventureSeeker
VID0216,DIY Home Makeover,Technology,04-08-2023,33413,3816,1381,6065,749,635,52,13491,14.48,68,200388,3.89,Search,TV,India,472.46,Female,TravelLover
VID0217,Car Review: Latest Model,Gaming,05-08-2023,166873,4581,1098,1094,1037,308,65,3818,34.17,98,166552,5.93,Search,Desktop,India,491.61,Female,AdventureSeeker
VID0218,Street Food Tasting,Gaming,06-08-2023,187691,24382,3426,2411,373,739,313,121,68.88,265,507233,6.51,Search,Desktop,India,18.43,Male,ScienceNerd
VID0219,Thrilling Game Walkthrough,Education,07-08-2023,427129,6648,3655,2617,556,521,81,1600,58.03,589,227097,4.57,Suggested,Mobile,USA,147.95,Female,DIYExpert
VID0220,Gaming Secrets Unveiled,Education,08-08-2023,375717,37705,909,8954,1451,468,86,9134,94.96,410,8578,9.69,Suggested,Desktop,Germany,378.15,Male,CalmWithYoga
VID0221,DIY Home Makeover,Entertainment,09-08-2023,434816,7858,187,4145,1751,211,1,15899,45.66,86,616442,0.93,External,Tablet,USA,683.73,Female,LifeCoachAnna
VID0222,Yoga for Stress Relief,Education,10-08-2023,189847,43768,4044,2775,232,111,203,3741,72.45,306,129601,3.54,External,Mobile,UK,228.42,Male,WanderlustJen
VID0223,Home Gardening Tips,Technology,11-08-2023,222888,23277,3756,6628,704,7,149,291,54.04,128,483237,4.25,External,Desktop,UK,423.01,Female,SmartTechie
VID0224,Epic Gaming Adventure,Gaming,12-08-2023,262044,24122,2015,3155,562,803,292,13406,56.13,556,442420,0.27,External,TV,Germany,557.35,Female,GamerKing
VID0225,Cooking with Flair,Education,13-08-2023,222165,40861,2092,3970,938,476,403,13514,34.1,354,541785,3.71,Search,Tablet,Germany,888.59,Male,LifeCoachAnna
VID0226,Healthy Living Tips,Education,14-08-2023,244662,5642,3644,7972,886,873,102,8687,50.95,490,473526,2.81,Suggested,TV,Germany,326.07,Male,TravelLover
VID0227,Healthy Living Tips,Entertainment,15-08-2023,167472,25576,2130,8775,725,459,23,4762,52.37,208,656728,5.11,Suggested,Tablet,India,133.56,Male,EduMath
VID0228,Tech Reviews: Best Smartphones,Entertainment,16-08-2023,398710,30884,357,5415,1686,252,367,4426,73.6,148,509215,3.43,Suggested,TV,USA,489.27,Female,WanderlustJen
VID0229,Educational Insights: Math,Technology,17-08-2023,212760,22840,2422,4331,1463,525,211,9165,94.66,498,420114,7.29,Suggested,Desktop,UK,746.72,Female,TravelLover
VID0230,Educational Insights: Math,Gaming,18-08-2023,123744,24917,4257,1942,1525,751,64,10571,39.64,578,213150,5.15,External,Tablet,USA,109.86,Female,InspireNow
VID0231,Inspirational Life Stories,Entertainment,19-08-2023,352575,47696,4545,6026,1298,437,448,12741,13.8,484,360000,1.38,Search,Mobile,USA,424.68,Female,StreetEats
VID0232,Fitness Routines for Beginners,Education,20-08-2023,206763,16152,1497,8301,1873,753,208,9296,54.67,55,376355,7.53,Suggested,Mobile,USA,17.79,Male,GadgetUnboxer
VID0233,Top Tech Innovations,Gaming,21-08-2023,491635,35253,2158,191,75,980,250,12826,59,519,808178,1.08,Direct,TV,Germany,33.56,Male,TechGuru
VID0234,Fashion Hacks for 2023,Gaming,22-08-2023,44001,47176,2555,9095,438,853,384,15751,25.16,37,152133,8.41,Search,TV,Germany,482.95,Female,GardenGuru
VID0235,Travel Vlog: Europe,Education,23-08-2023,68364,771,2342,861,1755,660,116,8636,78.44,545,934258,9.32,Direct,TV,UK,298.2,Male,Fashionista
VID0236,DIY Home Makeover,Entertainment,24-08-2023,388132,263,2951,6711,1883,235,115,19195,98.64,562,35012,3.29,Search,Tablet,UK,845.11,Female,SmartTechie
VID0237,Fitness Routines for Beginners,Education,25-08-2023,308172,41524,1238,9275,1979,305,236,13044,95.12,178,225726,9.27,Search,Mobile,UK,602.15,Male,GardenGuru
VID0238,Fitness Routines for Beginners,Gaming,26-08-2023,239506,44102,973,649,698,477,477,6373,27.74,517,208967,7.95,Search,Desktop,USA,453.93,Male,CarCritic
VID0239,Hidden Travel Destinations,Lifestyle,27-08-2023,229731,4895,4727,4134,1312,678,104,6384,88.78,54,844797,9.23,Direct,Tablet,Germany,407.94,Male,AdventureSeeker
VID0240,DIY Home Makeover,Lifestyle,28-08-2023,431789,10734,3965,7587,914,19,494,8917,73.4,584,941584,6.7,Suggested,TV,India,497.25,Female,FitnessPro
VID0241,Mind-Blowing Science Experiments,Technology,29-08-2023,132878,4898,1050,8828,1563,215,258,18162,50.85,454,464675,2.43,Suggested,Mobile,USA,40.44,Male,GamerKing
VID0242,Gaming Secrets Unveiled,Education,30-08-2023,387487,22520,3701,1036,890,854,45,8514,58.65,322,890325,8.96,Direct,TV,Canada,892.79,Female,AdventureSeeker
VID0243,Thrilling Game Walkthrough,Education,31-08-2023,188710,29400,2780,4131,691,134,310,17227,86.46,214,596932,1.92,Suggested,Desktop,USA,998.3,Male,GamerKing
VID0244,Thrilling Game Walkthrough,Technology,01-09-2023,129301,24445,1588,2148,252,904,330,16946,53.21,583,698345,2.21,External,Desktop,Germany,181.49,Male,TravelLover
VID0245,Fashion Hacks for 2023,Technology,02-09-2023,389439,10849,3878,5457,1149,128,215,18052,43.59,460,968625,2.78,Suggested,Mobile,Canada,120.38,Male,TechGuru
VID0246,Gaming Secrets Unveiled,Technology,03-09-2023,161829,38695,2368,6079,1200,409,469,11639,54.39,346,117863,3.11,External,Tablet,USA,143.58,Female,EduMath
VID0247,Tech Reviews: Best Smartphones,Gaming,04-09-2023,35636,25221,436,2430,1060,421,447,14093,62.12,427,313309,5.19,External,Desktop,Germany,661.03,Male,EduMath
VID0248,Fitness Routines for Beginners,Education,05-09-2023,212169,37587,2828,1879,409,293,491,13551,27.02,353,726272,7.16,External,Desktop,Germany,661.44,Male,FitnessPro
VID0249,Unboxing Latest Gadgets,Gaming,06-09-2023,180352,28511,1556,7542,1634,245,300,14792,91.08,594,182175,9.27,Direct,Desktop,India,847.92,Male,WanderlustJen
VID0250,Fashion Hacks for 2023,Technology,07-09-2023,287406,33461,3858,2011,1633,700,409,18220,70.68,575,152610,0.98,Suggested,Desktop,USA,751.83,Female,SmartTechie
VID0251,Thrilling Game Walkthrough,Education,08-09-2023,343579,21323,1304,3373,126,555,332,13434,66.99,105,618330,9.55,Suggested,TV,Germany,449.69,Male,DIYExpert
VID0252,Car Review: Latest Model,Gaming,09-09-2023,194283,7494,2384,7357,1506,85,448,8003,18.95,515,888243,9.22,Direct,TV,UK,612.86,Female,TravelLover
VID0253,Street Food Tasting,Gaming,10-09-2023,449058,14156,182,1289,1191,555,23,15729,64.38,117,490062,0.63,Direct,Tablet,Germany,688.28,Female,InspireNow
VID0254,Educational Insights: Math,Technology,11-09-2023,391727,28480,1589,1447,591,841,457,17840,20.89,261,801257,3.67,Suggested,Mobile,India,512.74,Male,ChefAntonio
VID0255,Street Food Tasting,Education,12-09-2023,451195,26135,1587,3199,293,374,34,1114,17.08,36,167464,8.15,Direct,Mobile,Germany,475.65,Female,CarCritic
VID0256,Street Food Tasting,Technology,13-09-2023,246596,30720,659,6381,1868,445,23,10960,57.46,579,395469,6.15,Direct,Mobile,USA,645.1,Male,LifeCoachAnna
VID0257,Inspirational Life Stories,Education,14-09-2023,475686,19977,159,7522,1661,377,27,17538,46.25,81,673856,7.81,External,Desktop,USA,557.47,Female,LifeCoachAnna
VID0258,Epic Gaming Adventure,Lifestyle,15-09-2023,432413,43504,3953,6059,1366,389,483,1864,62.99,425,855743,7.22,Direct,TV,Canada,643.94,Male,CarCritic
VID0259,Yoga for Stress Relief,Entertainment,16-09-2023,304988,31011,1011,3183,1019,656,463,6109,18.03,250,730143,5.02,External,TV,USA,612.85,Male,WanderlustJen
VID0260,Top Tech Innovations,Entertainment,17-09-2023,327898,32884,52,5462,309,50,487,9704,48.79,457,963215,0.51,Search,Tablet,Canada,719.2,Female,TechGuru
VID0261,Tech Reviews: Best Smartphones,Entertainment,18-09-2023,496084,3291,2307,3216,661,241,15,16112,25.73,172,117237,5.88,External,Mobile,UK,642.8,Female,LifeCoachAnna
VID0262,Home Gardening Tips,Technology,19-09-2023,428373,33260,1228,3136,527,293,58,767,98.84,392,456536,0.58,External,TV,India,519.74,Female,DIYExpert
VID0263,Yoga for Stress Relief,Lifestyle,20-09-2023,340273,25100,1035,3318,539,919,464,3470,60.5,411,263468,6.08,Direct,Tablet,UK,681.8,Male,SmartTechie
VID0264,Fitness Routines for Beginners,Education,21-09-2023,303186,39140,3702,2782,418,562,242,6076,71.87,590,407596,8.02,Suggested,Mobile,Canada,449.48,Female,InspireNow
VID0265,Thrilling Game Walkthrough,Gaming,22-09-2023,62665,49823,4045,9182,443,265,437,17878,39.29,306,765205,5.89,Search,Desktop,Germany,241.67,Female,CalmWithYoga
VID0266,Hidden Travel Destinations,Education,23-09-2023,247584,3731,4945,7657,684,119,206,8713,18.53,300,642506,9.97,Search,TV,Germany,1.42,Male,GadgetUnboxer
VID0267,Tech Reviews: Best Smartphones,Gaming,24-09-2023,117953,6272,4449,4920,1581,711,399,5699,97.83,43,329261,4.61,Search,TV,UK,559.96,Male,GameMaster
VID0268,Travel Vlog: Europe,Education,25-09-2023,477072,42180,1264,6324,839,916,270,3750,35.76,327,274161,7.51,Suggested,Mobile,Germany,590.66,Female,EduMath
VID0269,Epic Gaming Adventure,Lifestyle,26-09-2023,159448,23661,1884,6327,235,247,248,12449,48.14,493,677543,6.71,Search,Desktop,Canada,972.05,Female,CarCritic
VID0270,Tech Reviews: Best Smartphones,Gaming,27-09-2023,187626,24917,1809,8417,1462,69,481,9994,68.49,556,410592,9.92,Search,Desktop,India,361.48,Female,TravelLover
VID0271,Hidden Travel Destinations,Technology,28-09-2023,146271,20381,3167,776,213,852,266,3290,12.22,263,365712,7.16,Suggested,TV,USA,394.13,Female,DIYExpert
VID0272,Inspirational Life Stories,Education,29-09-2023,119533,28771,3797,5208,84,56,192,15445,82.92,56,974358,1.72,Search,Mobile,Canada,201.8,Male,TravelLover
VID0273,Home Gardening Tips,Education,30-09-2023,475628,25464,2341,687,793,381,334,8889,58.29,500,467518,9.56,Direct,Tablet,Canada,70.53,Female,LifeCoachAnna
VID0274,Top Tech Innovations,Gaming,01-10-2023,445164,41774,3414,529,1767,38,217,491,35.04,122,732579,6.71,Direct,TV,USA,772.8,Female,GamerKing
VID0275,Top Tech Innovations,Technology,02-10-2023,74781,27525,817,5067,84,983,114,17559,15.54,338,773908,0.69,External,Desktop,USA,249.68,Male,GameMaster
VID0276,Cooking with Flair,Technology,03-10-2023,466966,28702,2437,8080,1944,800,67,2750,24.62,81,779110,6.61,External,Tablet,India,608.9,Female,GameMaster
VID0277,Home Gardening Tips,Lifestyle,04-10-2023,67262,23353,888,5518,1512,442,298,13700,90.55,348,480318,8.84,External,Mobile,India,687.77,Male,GameMaster
VID0278,Fashion Hacks for 2023,Technology,05-10-2023,309744,23572,667,2153,64,17,324,14417,71.74,210,901948,5.81,Direct,Desktop,India,471.24,Male,CalmWithYoga
VID0279,Fitness Routines for Beginners,Technology,06-10-2023,77898,49330,4728,9486,1669,951,482,18868,32.49,598,209985,3.6,Direct,Tablet,Germany,876.35,Male,CarCritic
VID0280,Fitness Routines for Beginners,Technology,07-10-2023,456699,8180,2624,6094,662,731,396,17293,15.9,149,272626,8.23,Direct,TV,Canada,443.79,Female,InspireNow
VID0281,Home Gardening Tips,Entertainment,08-10-2023,150369,7199,4232,6974,626,824,393,15663,72.16,72,992508,7.85,External,Desktop,USA,284.91,Male,CarCritic
VID0282,Inspirational Life Stories,Lifestyle,09-10-2023,31448,25531,4523,9718,63,755,74,6995,61.52,289,420314,5.49,External,Mobile,Canada,896.02,Female,CalmWithYoga
VID0283,Yoga for Stress Relief,Education,10-10-2023,289316,31286,818,4774,1366,351,465,17643,46.41,226,146211,1.63,External,Desktop,Canada,861.56,Male,EduMath
VID0284,Tech Reviews: Best Smartphones,Gaming,11-10-2023,437090,47784,2188,7692,938,971,481,1631,42.73,284,594998,2.58,External,TV,India,164.04,Male,GardenGuru
VID0285,Hidden Travel Destinations,Education,12-10-2023,8657,30211,1106,3103,1898,815,102,5581,29.51,365,594640,7.41,External,Mobile,India,25.96,Male,EduMath
VID0286,Epic Gaming Adventure,Lifestyle,13-10-2023,478602,39951,2224,2440,918,297,296,10974,70.27,582,900550,8.08,External,TV,Canada,89.99,Male,LifeCoachAnna
VID0287,Cooking with Flair,Gaming,14-10-2023,257689,22714,197,4135,1375,282,489,6263,97.36,531,779927,2.86,Direct,Tablet,India,286.55,Female,TechGuru
VID0288,Unboxing Latest Gadgets,Lifestyle,15-10-2023,419641,26824,2671,7124,1181,585,177,5364,25.81,284,10195,3.74,Suggested,Desktop,Germany,972.26,Female,CalmWithYoga
VID0289,Top Tech Innovations,Technology,16-10-2023,420901,42091,3492,5201,1612,109,214,17715,63.74,543,49082,0.87,Suggested,TV,USA,558.52,Female,ScienceNerd
VID0290,Yoga for Stress Relief,Gaming,17-10-2023,375999,5040,2448,844,490,179,454,15990,48.18,271,293738,7.16,External,Tablet,Canada,373.26,Male,DIYExpert
VID0291,Inspirational Life Stories,Technology,18-10-2023,418794,28858,470,446,1681,937,314,18907,50.2,178,716495,0.14,Suggested,Mobile,USA,888.72,Male,TechGuru
VID0292,Fitness Routines for Beginners,Education,19-10-2023,160903,36324,1948,3915,1878,543,38,11867,32.87,328,284831,0.56,Suggested,Mobile,Germany,453.14,Male,LifeCoachAnna
VID0293,Top Tech Innovations,Education,20-10-2023,8906,7888,3899,3109,1486,745,258,8171,84.26,482,904945,0.14,Direct,Tablet,India,315.24,Male,Fashionista
VID0294,Fitness Routines for Beginners,Gaming,21-10-2023,324557,28182,2010,1234,1248,793,203,15640,53.67,422,653509,6.49,External,Tablet,UK,941.22,Female,InspireNow
VID0295,Fitness Routines for Beginners,Gaming,22-10-2023,55028,24134,3800,6587,1940,24,6,3008,58.91,241,631471,4.23,External,Mobile,Germany,849.52,Female,GadgetUnboxer
VID0296,Car Review: Latest Model,Lifestyle,23-10-2023,270431,35579,4118,226,312,842,48,4812,37.43,567,788146,3.05,Suggested,TV,UK,843.67,Female,StreetEats
VID0297,Gaming Secrets Unveiled,Lifestyle,24-10-2023,296804,11380,3796,4143,614,790,25,12290,26.36,160,810872,9.14,External,Tablet,USA,512.28,Male,Fashionista
VID0298,Tech Reviews: Best Smartphones,Technology,25-10-2023,469974,18152,3988,7185,918,737,160,19999,17.73,358,519882,2.01,External,TV,Canada,789.44,Male,GamerKing
VID0299,Street Food Tasting,Gaming,26-10-2023,323648,16631,234,5558,1882,56,356,19887,74.27,285,569194,3.95,External,Mobile,India,179.35,Male,FitnessPro
VID0300,Yoga for Stress Relief,Education,27-10-2023,191792,22904,928,186,812,179,175,10250,27.66,508,961485,9.41,External,TV,Germany,573.22,Female,TechGuru
VID0301,Yoga for Stress Relief,Lifestyle,28-10-2023,103979,29003,3607,2535,939,231,78,19219,72.11,590,147549,4.33,Suggested,TV,India,983.85,Female,Fashionista
VID0302,Hidden Travel Destinations,Lifestyle,29-10-2023,35701,44957,522,1932,1489,893,1,4591,45.13,92,438555,5.59,Search,Tablet,UK,290.96,Male,ChefAntonio
VID0303,Tech Reviews: Best Smartphones,Education,30-10-2023,84300,10242,3523,9040,1111,342,488,14019,47.42,340,451590,0.9,Suggested,TV,UK,794.35,Female,AdventureSeeker
VID0304,Yoga for Stress Relief,Lifestyle,31-10-2023,242249,49617,4526,2032,1906,476,382,14268,52.23,436,845346,7.92,Direct,TV,Canada,490.48,Female,GameMaster
VID0305,Unboxing Latest Gadgets,Technology,01-11-2023,149746,48455,4888,1252,1326,798,454,8693,43.09,134,364084,4.29,Search,TV,UK,39.81,Female,SmartTechie
VID0306,Epic Gaming Adventure,Gaming,02-11-2023,84560,9966,1629,5509,679,575,415,17458,19.06,44,943542,8.03,Search,Mobile,Canada,763.02,Male,ChefAntonio
VID0307,Mind-Blowing Science Experiments,Education,03-11-2023,243615,4631,4628,5074,434,454,131,16707,37.87,288,236494,2.61,Search,Mobile,Germany,168.57,Male,CarCritic
VID0308,Thrilling Game Walkthrough,Gaming,04-11-2023,418090,45554,1316,1881,681,231,275,4713,69.74,441,890501,4.28,Suggested,Desktop,Canada,631.47,Male,StreetEats
VID0309,Healthy Living Tips,Lifestyle,05-11-2023,44642,38198,2857,269,1158,288,497,11526,69.92,288,712101,7.89,Direct,Mobile,UK,85.66,Female,EduMath
VID0310,Top Tech Innovations,Lifestyle,06-11-2023,492036,38378,1124,1630,1073,212,116,16709,35.76,289,205073,9.74,Suggested,Mobile,USA,946.87,Female,LifeCoachAnna
VID0311,Cooking with Flair,Education,07-11-2023,328304,28238,2587,4405,1455,257,163,8283,51.41,74,730993,0.69,Direct,Desktop,Canada,291.72,Female,TechGuru
VID0312,Street Food Tasting,Technology,08-11-2023,280746,27165,1023,6139,339,529,287,17825,27.41,360,60981,8.14,Suggested,Desktop,India,226.46,Female,TechGuru
VID0313,Yoga for Stress Relief,Entertainment,09-11-2023,366464,30056,1378,1574,346,686,27,8501,28.93,194,762872,3.08,Suggested,Tablet,USA,129.14,Female,StreetEats
VID0314,Car Review: Latest Model,Education,10-11-2023,89801,41832,3374,1695,645,928,332,3827,12.07,222,290384,5.55,Suggested,Tablet,Canada,946,Female,ChefAntonio
VID0315,Unboxing Latest Gadgets,Entertainment,11-11-2023,289075,39361,1519,3258,1370,228,0,13803,90.71,550,850260,2.97,Search,Mobile,India,711.9,Female,Fashionista
VID0316,Epic Gaming Adventure,Entertainment,12-11-2023,95377,10859,226,3262,648,225,187,19287,28.96,430,990109,6.17,Suggested,TV,USA,741.66,Female,LifeCoachAnna
VID0317,Fitness Routines for Beginners,Technology,13-11-2023,292336,5539,4968,1445,244,595,55,10318,30.48,403,968647,3.6,Direct,Tablet,Canada,499.4,Male,StreetEats
VID0318,DIY Home Makeover,Entertainment,14-11-2023,309686,47341,891,6263,108,802,34,493,35.16,94,497233,3.4,Direct,Tablet,Germany,474.73,Male,LifeCoachAnna
VID0319,Healthy Living Tips,Entertainment,15-11-2023,390159,42633,4072,8411,1848,434,111,16092,21.47,416,274525,0.48,Direct,Mobile,India,110.02,Female,Fashionista
VID0320,Car Review: Latest Model,Technology,16-11-2023,305664,28370,2257,52,1822,881,285,9135,67.53,524,299640,1.55,Search,TV,Germany,559.84,Male,Fashionista
VID0321,Yoga for Stress Relief,Entertainment,17-11-2023,327916,13379,2788,9949,532,757,309,9816,16.76,444,688037,9.18,Suggested,Desktop,UK,246.92,Female,GamerKing
VID0322,Car Review: Latest Model,Entertainment,18-11-2023,452978,39379,396,5570,1113,401,35,8895,22.08,59,646984,9.98,Suggested,Desktop,Canada,977.15,Male,ChefAntonio
VID0323,Travel Vlog: Europe,Entertainment,19-11-2023,313250,44351,2078,7579,295,621,438,681,68.03,295,561965,7.83,External,Mobile,Canada,796.58,Male,TechGuru
VID0324,Car Review: Latest Model,Education,20-11-2023,82121,23988,4744,1666,111,765,216,14430,40.57,357,66626,2.94,Search,Mobile,India,412.99,Male,GamerKing
VID0325,Travel Vlog: Europe,Education,21-11-2023,26559,17730,4424,6901,1836,87,79,10231,73.72,521,319175,4.08,Direct,TV,Canada,151.34,Male,LifeCoachAnna
VID0326,Gaming Secrets Unveiled,Education,22-11-2023,368739,35244,3237,2785,1612,583,313,232,60.17,246,26619,7.42,Direct,Mobile,UK,785.33,Male,DIYExpert
VID0327,DIY Home Makeover,Technology,23-11-2023,34742,31282,3893,719,1200,892,82,19322,33.04,349,642532,9.69,Suggested,Mobile,Canada,122.05,Male,GardenGuru
VID0328,Educational Insights: Math,Lifestyle,24-11-2023,332813,25638,2005,8597,342,541,64,15084,68.57,428,117394,4.61,Direct,Mobile,USA,189.33,Female,LifeCoachAnna
VID0329,Travel Vlog: Europe,Entertainment,25-11-2023,474415,11924,2016,6855,1683,683,324,3485,20.46,134,159487,8.31,Suggested,TV,Germany,211.52,Female,FitnessPro
VID0330,Epic Gaming Adventure,Entertainment,26-11-2023,153826,32225,3171,2294,100,308,127,3870,58.28,359,396424,9.75,Suggested,Mobile,UK,556.89,Male,TravelLover
VID0331,Mind-Blowing Science Experiments,Technology,27-11-2023,136044,7079,2668,8263,1781,905,306,2368,49.34,76,432465,8.75,External,Tablet,UK,787.06,Male,StreetEats
VID0332,Fitness Routines for Beginners,Entertainment,28-11-2023,333975,26289,1878,9421,628,342,21,1075,34.11,343,45489,2.35,Search,TV,Germany,314.31,Male,GardenGuru
VID0333,Epic Gaming Adventure,Education,29-11-2023,113217,42700,1196,9759,1627,435,215,7705,64.36,176,809038,0.18,Suggested,Tablet,Germany,84.67,Male,Fashionista
VID0334,Healthy Living Tips,Lifestyle,30-11-2023,42873,12604,1772,4482,1424,176,106,7313,88.42,491,804063,4.97,Suggested,TV,UK,464.54,Female,InspireNow
VID0335,DIY Home Makeover,Gaming,01-12-2023,488877,20769,161,698,27,138,108,11555,99.9,515,833485,5.36,Suggested,Tablet,Germany,748.11,Male,GameMaster
VID0336,Cooking with Flair,Entertainment,02-12-2023,369676,7010,3976,7243,936,193,371,2935,64.7,439,976148,2.09,External,TV,India,221.66,Female,TravelLover
VID0337,Thrilling Game Walkthrough,Education,03-12-2023,389411,46957,1751,9018,1985,185,356,2838,46.42,56,7053,2.92,Suggested,Desktop,Germany,219.92,Female,CalmWithYoga
VID0338,Unboxing Latest Gadgets,Gaming,04-12-2023,404119,35064,775,5918,1560,217,180,9649,30.27,58,542669,7.68,Search,Mobile,USA,947.23,Male,GameMaster
VID0339,Yoga for Stress Relief,Lifestyle,05-12-2023,135092,20231,939,348,57,163,355,4234,33.14,300,1879,4.76,Search,Mobile,USA,954.15,Female,ScienceNerd
VID0340,Tech Reviews: Best Smartphones,Gaming,06-12-2023,304899,25327,3220,5374,1521,160,163,6933,53.15,530,353435,3.24,Direct,TV,India,990.47,Male,EduMath
VID0341,Epic Gaming Adventure,Education,07-12-2023,349100,6078,539,7869,296,942,67,8453,43.05,282,368308,6.26,Search,Tablet,Germany,807.66,Male,AdventureSeeker
VID0342,Inspirational Life Stories,Gaming,08-12-2023,87988,22091,4917,307,133,524,291,15790,92.24,414,69806,6.56,Direct,Desktop,USA,188.18,Male,WanderlustJen
VID0343,Home Gardening Tips,Technology,09-12-2023,46648,17253,1461,3416,1354,807,179,2009,43.15,89,413442,7.72,Search,Tablet,Canada,211.98,Male,GardenGuru
VID0344,Gaming Secrets Unveiled,Gaming,10-12-2023,497753,33648,355,4820,248,600,180,14596,43.61,136,244325,1.65,Direct,Mobile,Germany,340.23,Male,GadgetUnboxer
VID0345,Fashion Hacks for 2023,Entertainment,11-12-2023,126991,42776,3604,3558,1020,835,465,12162,44.52,249,927092,7.44,Suggested,Mobile,India,318.13,Female,SmartTechie
VID0346,Yoga for Stress Relief,Entertainment,12-12-2023,403732,39171,3323,4478,549,41,433,9950,85.3,470,428030,6.03,External,Tablet,Germany,956.53,Male,LifeCoachAnna
VID0347,Top Tech Innovations,Technology,13-12-2023,378149,47554,234,6531,901,914,463,2063,68.57,593,511530,0.67,External,TV,UK,789.07,Female,WanderlustJen
VID0348,Mind-Blowing Science Experiments,Education,14-12-2023,3396,4083,1548,4620,1964,209,168,5253,65.28,575,973045,7.8,External,TV,UK,724.01,Male,CalmWithYoga
VID0349,Travel Vlog: Europe,Entertainment,15-12-2023,85082,9603,2096,2985,1098,740,401,10581,40.07,125,629300,3.89,Suggested,Tablet,USA,185.96,Male,TechGuru
VID0350,Epic Gaming Adventure,Lifestyle,16-12-2023,413345,30021,4213,8112,1677,861,21,1066,83.61,118,278994,3.37,External,Mobile,UK,909.53,Female,EduMath
VID0351,Inspirational Life Stories,Entertainment,17-12-2023,129322,17005,2101,8467,833,274,65,989,13.45,260,500895,4.54,Search,Tablet,India,827.87,Male,SmartTechie
VID0352,Thrilling Game Walkthrough,Entertainment,18-12-2023,133663,45938,1673,2547,1191,953,20,19545,88.37,304,100099,3.53,Direct,Mobile,USA,163.64,Male,Fashionista
VID0353,Gaming Secrets Unveiled,Education,19-12-2023,12303,24053,2100,336,770,278,99,6561,56.15,275,606185,3.45,Suggested,Tablet,India,871.17,Female,TechGuru
VID0354,Epic Gaming Adventure,Gaming,20-12-2023,162633,26906,3657,2979,1526,250,383,6266,45.84,140,342153,8.1,External,TV,India,272.25,Female,ScienceNerd
VID0355,Top Tech Innovations,Entertainment,21-12-2023,334863,45100,4653,3968,1908,309,299,16106,54.75,263,542557,1.33,Search,Desktop,UK,80.87,Male,GadgetUnboxer
VID0356,Unboxing Latest Gadgets,Technology,22-12-2023,250690,22268,3596,910,1378,719,102,11481,70.07,307,703109,9.71,Search,Mobile,UK,656.82,Female,Fashionista
VID0357,Fitness Routines for Beginners,Gaming,23-12-2023,486324,4683,3748,1996,1248,832,46,16444,11.15,506,626372,5.59,Suggested,Desktop,India,653.8,Male,TravelLover
VID0358,Cooking with Flair,Lifestyle,24-12-2023,260820,38814,3173,3129,1687,139,38,11040,88.44,446,309009,1.91,Suggested,TV,UK,94.93,Female,TravelLover
VID0359,Gaming Secrets Unveiled,Education,25-12-2023,100616,49245,1815,5447,1554,791,284,11358,50.21,157,312829,1.4,External,Tablet,UK,318.85,Female,DIYExpert
VID0360,Cooking with Flair,Lifestyle,26-12-2023,387309,39996,3841,6129,145,545,309,7380,40.87,266,658646,5.96,Direct,TV,UK,992.81,Male,GamerKing
VID0361,Home Gardening Tips,Gaming,27-12-2023,87231,11989,2005,5850,1983,820,89,1167,22.44,157,756397,6.37,External,Desktop,Germany,678.43,Male,TravelLover
VID0362,Street Food Tasting,Gaming,28-12-2023,270458,27513,4493,4204,1264,903,84,11215,49.55,423,127025,0.62,External,TV,India,730.08,Female,WanderlustJen
VID0363,Fitness Routines for Beginners,Gaming,29-12-2023,20623,12375,674,7446,1907,529,272,9118,54.67,504,395336,2.51,Suggested,TV,Canada,212.92,Male,DIYExpert
VID0364,Street Food Tasting,Lifestyle,30-12-2023,199747,2561,386,8519,892,56,335,15853,46.33,424,561091,7.98,External,Tablet,India,78.78,Male,CarCritic
VID0365,Yoga for Stress Relief,Gaming,31-12-2023,491042,14391,2158,9991,343,111,187,14278,71.08,140,20089,0.59,External,Desktop,USA,276.9,Male,TravelLover
VID0366,Epic Gaming Adventure,Lifestyle,01-01-2024,459298,46904,2661,314,1772,4,158,15287,47.88,119,265526,8.57,Direct,Desktop,UK,248.9,Female,GameMaster
VID0367,Gaming Secrets Unveiled,Gaming,02-01-2024,477840,11535,2064,1134,1058,409,242,4707,96.53,309,980252,6.62,Search,Desktop,UK,234.54,Female,ChefAntonio
VID0368,Hidden Travel Destinations,Technology,03-01-2024,106228,28035,3851,4876,701,413,72,4085,63.93,362,180894,4.4,Search,Mobile,Canada,192.75,Female,DIYExpert
VID0369,Healthy Living Tips,Gaming,04-01-2024,427346,33553,3253,8102,0,181,478,10384,82.67,253,654024,3.53,Direct,TV,USA,574.76,Female,GadgetUnboxer
VID0370,Hidden Travel Destinations,Lifestyle,05-01-2024,183828,18644,4979,9712,152,12,461,19663,19.84,130,418240,0.29,Search,Desktop,Germany,328.1,Male,EduMath
VID0371,Tech Reviews: Best Smartphones,Entertainment,06-01-2024,360768,12358,4636,8347,428,338,48,14654,45.76,161,796677,8.27,External,TV,India,820.35,Male,SmartTechie
VID0372,Gaming Secrets Unveiled,Gaming,07-01-2024,158364,30941,4266,5592,1968,796,100,4638,40.32,42,16361,1.51,Direct,Tablet,Germany,183.95,Female,TravelLover
VID0373,Educational Insights: Math,Entertainment,08-01-2024,374929,48858,739,1724,507,258,1,18846,61.25,486,616495,3.16,Direct,Tablet,USA,464.63,Female,TravelLover
VID0374,Inspirational Life Stories,Technology,09-01-2024,349350,49290,1401,3343,1149,89,243,18708,87.5,470,316905,5.73,Suggested,Mobile,Canada,13.66,Male,CarCritic
VID0375,Educational Insights: Math,Education,10-01-2024,70274,10836,3259,886,490,615,175,6471,17.05,127,779831,2.54,Search,Mobile,USA,481.68,Male,ChefAntonio
VID0376,Fashion Hacks for 2023,Technology,11-01-2024,134541,37743,2277,721,1505,890,237,1826,16.53,149,658697,5.02,Suggested,Tablet,Canada,55.84,Male,CarCritic
VID0377,Gaming Secrets Unveiled,Gaming,12-01-2024,54947,44050,3904,7678,344,697,397,5891,86.53,322,336779,8.11,External,Desktop,Germany,977.72,Female,Fashionista
VID0378,DIY Home Makeover,Entertainment,13-01-2024,154606,35064,3923,9104,1935,249,58,8558,29.16,30,999451,4.76,Direct,Tablet,Germany,790.59,Female,DIYExpert
VID0379,Fashion Hacks for 2023,Entertainment,14-01-2024,195692,28144,4214,3357,1761,254,352,17321,70.19,279,579168,9.49,External,TV,USA,490.11,Female,GamerKing
VID0380,Fashion Hacks for 2023,Lifestyle,15-01-2024,49874,40033,3227,870,220,587,98,15838,58.86,178,873021,8.49,Search,Mobile,USA,86.59,Male,FitnessPro
VID0381,Top Tech Innovations,Entertainment,16-01-2024,50708,16097,2831,6751,1938,897,441,17170,84.96,424,629813,3.4,Suggested,Mobile,UK,592.45,Female,GameMaster
VID0382,DIY Home Makeover,Lifestyle,17-01-2024,75553,14315,3758,497,1942,970,358,16840,21.26,73,705691,4.06,Search,Tablet,Canada,758.76,Female,TechGuru
VID0383,Educational Insights: Math,Education,18-01-2024,69344,33169,2512,1756,722,107,441,9163,21.68,73,220921,4.29,External,Desktop,UK,190.72,Female,WanderlustJen
VID0384,Inspirational Life Stories,Gaming,19-01-2024,312282,24011,2151,1117,1048,667,494,10265,60.11,107,956259,6.3,Suggested,Desktop,India,568.21,Male,AdventureSeeker
VID0385,Healthy Living Tips,Lifestyle,20-01-2024,186374,17130,3675,2828,527,593,434,14639,95.17,255,244997,2.94,Search,TV,India,814.21,Female,StreetEats
VID0386,Fashion Hacks for 2023,Education,21-01-2024,48638,29434,2745,1647,1205,588,467,15672,47.35,191,685380,9.7,External,Mobile,USA,768.25,Female,GardenGuru
VID0387,Fitness Routines for Beginners,Entertainment,22-01-2024,79249,14671,3866,6992,1522,484,1,4747,39.42,282,423257,6.13,Search,Tablet,Germany,802.99,Female,CalmWithYoga
VID0388,Thrilling Game Walkthrough,Entertainment,23-01-2024,369009,42819,3764,6771,840,981,242,10102,64.6,161,983776,4.05,Direct,Tablet,India,879.32,Female,EduMath
VID0389,Inspirational Life Stories,Education,24-01-2024,3719,29027,2222,142,1664,971,296,10933,93.74,477,945354,6.49,Suggested,Mobile,India,937.68,Female,CalmWithYoga
VID0390,Hidden Travel Destinations,Entertainment,25-01-2024,154962,20814,2792,2761,1065,257,210,10520,85.32,503,44897,4.01,Suggested,Tablet,UK,405.52,Male,Fashionista
VID0391,Mind-Blowing Science Experiments,Education,26-01-2024,471452,43641,1697,3435,1938,638,122,6742,99.59,138,864017,8.2,Suggested,Mobile,UK,568.77,Male,GameMaster
VID0392,Hidden Travel Destinations,Lifestyle,27-01-2024,430725,23487,3462,6622,480,996,228,19875,12.03,64,850797,5.72,Direct,Desktop,India,790.66,Female,Fashionista
VID0393,Fashion Hacks for 2023,Lifestyle,28-01-2024,43534,28544,4063,7069,929,902,81,10642,20.16,496,842888,0.52,Suggested,Desktop,USA,697.14,Female,CarCritic
VID0394,Travel Vlog: Europe,Education,29-01-2024,496518,49008,1524,4512,1871,281,143,4457,64.85,304,421169,1.85,Direct,Tablet,UK,995.52,Female,LifeCoachAnna
VID0395,Epic Gaming Adventure,Lifestyle,30-01-2024,93241,20021,4760,1848,1771,985,387,15699,83.85,216,456061,8.66,Suggested,Desktop,India,13.68,Male,ChefAntonio
VID0396,Top Tech Innovations,Lifestyle,31-01-2024,413003,13157,32,2696,871,87,139,13301,35.67,272,887659,5.67,Search,Desktop,Germany,355.13,Male,WanderlustJen
VID0397,Travel Vlog: Europe,Lifestyle,01-02-2024,127209,45368,4025,1717,1462,203,28,2839,31.53,293,406622,9.51,Search,TV,UK,281.03,Male,LifeCoachAnna
VID0398,Street Food Tasting,Technology,02-02-2024,443061,24958,2566,3072,1425,15,390,13331,80.83,551,277632,0.82,Search,Mobile,India,262.32,Female,DIYExpert
VID0399,Gaming Secrets Unveiled,Gaming,03-02-2024,190004,48789,2803,9259,1569,150,269,9610,15.07,570,159295,3.02,Search,Mobile,Canada,222.53,Female,DIYExpert
VID0400,Mind-Blowing Science Experiments,Entertainment,04-02-2024,93124,44738,3896,2786,344,935,246,9827,43.24,116,558588,2.02,Direct,Tablet,UK,709.12,Male,GamerKing
VID0401,Car Review: Latest Model,Technology,05-02-2024,92659,26162,3709,3791,1916,253,11,10735,55.52,564,957111,5.58,External,Mobile,Canada,84.76,Male,GameMaster
VID0402,Fitness Routines for Beginners,Lifestyle,06-02-2024,165134,36950,719,9480,44,187,354,10064,60.43,239,159002,3.89,External,TV,UK,741.61,Female,GameMaster
VID0403,Yoga for Stress Relief,Education,07-02-2024,76713,46586,4579,3871,1669,328,388,17361,75.58,75,426251,1.66,Search,Tablet,UK,693.43,Female,Fashionista
VID0404,Cooking with Flair,Lifestyle,08-02-2024,219335,20667,972,1806,20,543,336,19354,41.94,496,200048,6.46,External,Tablet,Canada,250.8,Male,GardenGuru
VID0405,Mind-Blowing Science Experiments,Gaming,09-02-2024,489972,29839,3718,1504,1657,782,105,11492,65.14,569,258153,5.41,External,Mobile,USA,252.83,Male,SmartTechie
VID0406,Travel Vlog: Europe,Lifestyle,10-02-2024,454677,43385,4402,3308,1093,996,31,12436,62.68,55,874261,2.82,Suggested,Desktop,India,628.86,Male,LifeCoachAnna
VID0407,Epic Gaming Adventure,Education,11-02-2024,76418,3854,4552,7117,1887,396,73,12039,59.29,295,995802,4.85,Direct,Desktop,USA,762.17,Female,GamerKing
VID0408,Fashion Hacks for 2023,Gaming,12-02-2024,460888,27144,2207,5048,872,516,170,16776,67.64,204,577072,7.48,Search,Desktop,USA,876.49,Male,WanderlustJen
VID0409,Street Food Tasting,Lifestyle,13-02-2024,129232,1824,4426,8263,47,458,336,9943,33.35,545,581020,2.13,External,Desktop,India,852.14,Male,Fashionista
VID0410,Fitness Routines for Beginners,Gaming,14-02-2024,429048,1476,4320,1690,1514,329,68,12923,17.62,340,44920,3,External,TV,Germany,964.88,Male,GameMaster
VID0411,Yoga for Stress Relief,Entertainment,15-02-2024,164038,8806,3030,9536,550,819,300,2786,20.73,351,824642,3.53,Search,Tablet,USA,581.38,Male,TechGuru
VID0412,Hidden Travel Destinations,Entertainment,16-02-2024,466761,8994,3575,3303,286,844,361,333,30.21,164,466213,7.49,Suggested,Desktop,USA,908.66,Female,ChefAntonio
VID0413,Yoga for Stress Relief,Lifestyle,17-02-2024,407203,18137,3116,3113,1001,168,136,14529,55.02,84,616823,8.48,Search,TV,USA,808.51,Female,AdventureSeeker
VID0414,Cooking with Flair,Gaming,18-02-2024,169383,18550,3285,9074,1033,692,432,18858,85.64,572,434214,3.83,Suggested,Tablet,Germany,894.67,Male,SmartTechie
VID0415,Home Gardening Tips,Education,19-02-2024,294719,16506,643,7850,541,365,416,2372,73.12,560,818215,3.04,External,Mobile,UK,11.63,Male,DIYExpert
VID0416,Thrilling Game Walkthrough,Lifestyle,20-02-2024,326996,29825,4711,6416,755,177,483,17450,81.01,185,197741,8.91,Direct,Mobile,Canada,965.9,Female,GameMaster
VID0417,Tech Reviews: Best Smartphones,Entertainment,21-02-2024,259722,6026,194,1504,273,654,99,17373,41.59,176,990362,9.99,Suggested,TV,Canada,473.53,Male,FitnessPro
VID0418,Fitness Routines for Beginners,Entertainment,22-02-2024,133079,39119,3996,8924,955,361,145,3500,46.42,514,718317,6.74,Suggested,Tablet,Germany,798.18,Male,CalmWithYoga
VID0419,DIY Home Makeover,Lifestyle,23-02-2024,203053,9596,488,9940,599,759,8,15471,45.43,49,250363,9.9,Search,Desktop,USA,127.2,Male,CalmWithYoga
VID0420,Home Gardening Tips,Gaming,24-02-2024,77242,36168,2204,3924,1779,638,61,4642,27.27,298,26468,6.63,External,Tablet,Canada,395.94,Female,GardenGuru
VID0421,Epic Gaming Adventure,Entertainment,25-02-2024,179589,29906,2657,8615,380,774,184,3623,15.51,362,63008,7.36,Direct,Desktop,Germany,271.46,Male,GameMaster
VID0422,Fitness Routines for Beginners,Gaming,26-02-2024,30257,22763,3276,9783,1352,39,28,18247,63.18,584,760651,3.95,Search,TV,India,291.66,Female,WanderlustJen
VID0423,Tech Reviews: Best Smartphones,Entertainment,27-02-2024,481488,41421,1102,4485,478,923,380,3391,99.03,430,719080,4.39,Search,Desktop,Canada,123.26,Male,LifeCoachAnna
VID0424,Inspirational Life Stories,Entertainment,28-02-2024,436423,36595,1241,8100,14,415,113,2588,25.01,335,376079,1.53,Direct,TV,India,805.76,Female,FitnessPro
VID0425,Tech Reviews: Best Smartphones,Technology,29-02-2024,145353,22756,515,8684,515,354,461,10992,14.2,57,85866,8.25,External,Tablet,USA,9.24,Male,WanderlustJen
VID0426,Fitness Routines for Beginners,Entertainment,01-03-2024,324390,25960,392,191,190,254,408,1658,80.16,496,530526,9.32,Direct,Tablet,Canada,312.51,Male,Fashionista
VID0427,Hidden Travel Destinations,Education,02-03-2024,264579,49766,630,8690,1191,142,142,4790,32.73,289,3598,6.27,Search,Desktop,Germany,174.41,Female,GamerKing
VID0428,Educational Insights: Math,Lifestyle,03-03-2024,230947,16932,3716,4917,1544,751,389,6221,84.67,563,95924,3.5,Search,Tablet,UK,589.04,Male,GardenGuru
VID0429,Unboxing Latest Gadgets,Lifestyle,04-03-2024,232758,38887,1847,5831,620,739,119,18760,73.35,130,729493,1.62,Suggested,Desktop,Canada,254.25,Female,ScienceNerd
VID0430,Fashion Hacks for 2023,Gaming,05-03-2024,92357,48331,2655,9448,1160,852,169,12298,95.11,580,603460,2.73,Direct,Tablet,Canada,259,Female,SmartTechie
VID0431,Top Tech Innovations,Entertainment,06-03-2024,158732,21827,979,4322,153,709,156,4539,46.8,382,300888,2.63,Direct,Mobile,Canada,488.34,Male,TravelLover
VID0432,Tech Reviews: Best Smartphones,Education,07-03-2024,399300,42915,4529,6999,1411,576,334,17587,69.58,329,664113,6.17,Direct,Desktop,Canada,652.69,Female,TravelLover
VID0433,Gaming Secrets Unveiled,Gaming,08-03-2024,476413,29645,3402,9008,1232,899,348,7620,51.84,325,841265,9.46,Search,TV,Germany,121.3,Female,InspireNow
VID0434,Travel Vlog: Europe,Technology,09-03-2024,407723,44622,3871,7282,271,10,259,5509,66.75,382,125849,0.58,External,Mobile,Germany,175.51,Female,GamerKing
VID0435,Tech Reviews: Best Smartphones,Gaming,10-03-2024,204667,2620,277,9665,142,619,81,9770,50.46,159,575757,0.11,Search,TV,UK,247.17,Female,TechGuru
VID0436,Car Review: Latest Model,Gaming,11-03-2024,84807,3181,232,9278,1634,25,241,12206,26.98,185,615532,6.04,Suggested,Tablet,Germany,973.75,Female,GameMaster
VID0437,Tech Reviews: Best Smartphones,Entertainment,12-03-2024,439755,34296,1552,1874,1912,956,440,12034,55.71,103,201995,2.91,Search,Mobile,Germany,397.15,Female,CalmWithYoga
VID0438,Inspirational Life Stories,Technology,13-03-2024,379097,36835,3270,9062,1843,420,432,7969,57.57,371,117786,8.82,Search,Tablet,USA,598.99,Female,EduMath
VID0439,DIY Home Makeover,Gaming,14-03-2024,139563,39313,2409,4763,1092,662,171,3056,82.95,494,962415,3.34,Search,Desktop,USA,241.54,Female,CarCritic
VID0440,Inspirational Life Stories,Education,15-03-2024,259778,14666,3512,8464,246,220,230,10866,76.2,119,75528,2.97,Suggested,TV,India,490.46,Female,Fashionista
VID0441,Unboxing Latest Gadgets,Education,16-03-2024,182264,14142,25,9221,1284,852,207,19868,69.74,484,822353,2.77,Direct,Tablet,UK,74.12,Female,ChefAntonio
VID0442,Epic Gaming Adventure,Lifestyle,17-03-2024,474611,25598,460,1051,787,495,74,10186,20.2,361,919458,1.53,External,TV,USA,34.74,Female,CalmWithYoga
VID0443,Cooking with Flair,Technology,18-03-2024,386941,11429,3764,9765,78,236,269,10535,74.86,377,935526,5.86,External,TV,UK,468.73,Female,ChefAntonio
VID0444,Healthy Living Tips,Technology,19-03-2024,327032,31756,3431,7538,1681,236,386,16512,55.03,262,39075,1.77,Suggested,Tablet,UK,398.66,Female,CalmWithYoga
VID0445,Travel Vlog: Europe,Lifestyle,20-03-2024,74609,2259,3483,7411,622,218,498,10355,90.47,131,527980,4.3,Direct,Desktop,Canada,136.88,Male,LifeCoachAnna
VID0446,Home Gardening Tips,Gaming,21-03-2024,272221,38000,1994,6320,1793,486,113,9738,92.79,510,635904,4.66,Direct,TV,UK,687.6,Male,SmartTechie
VID0447,Street Food Tasting,Technology,22-03-2024,249512,19463,490,2105,1628,935,61,7856,14.96,243,448984,0.3,Suggested,Tablet,Canada,992.9,Male,FitnessPro
VID0448,Unboxing Latest Gadgets,Education,23-03-2024,254973,47801,1072,307,524,460,361,11956,83.86,137,914806,0.27,Search,Desktop,India,395.65,Female,DIYExpert
VID0449,Tech Reviews: Best Smartphones,Education,24-03-2024,284097,43341,3173,7737,771,662,319,15864,13.39,194,606099,5.25,Direct,Tablet,India,624.56,Male,GamerKing
VID0450,Unboxing Latest Gadgets,Entertainment,25-03-2024,471135,19133,215,3359,937,634,101,3702,43.05,364,928406,6.99,External,Desktop,India,962.98,Male,CarCritic
VID0451,Unboxing Latest Gadgets,Technology,26-03-2024,377826,10905,1723,3176,1644,143,428,5162,58.81,115,996614,9.43,Suggested,TV,Canada,831.53,Male,AdventureSeeker
VID0452,Fitness Routines for Beginners,Gaming,27-03-2024,331033,35951,1592,1251,1353,989,361,11977,23.33,453,605569,1.87,External,Mobile,Canada,463.55,Male,FitnessPro
VID0453,Cooking with Flair,Lifestyle,28-03-2024,155893,26932,2606,5366,1212,188,209,7344,77.17,393,561315,1.12,Search,Tablet,India,737.49,Male,LifeCoachAnna
VID0454,Street Food Tasting,Lifestyle,29-03-2024,431783,14044,158,1517,1118,254,441,6472,10.75,89,576969,0.62,Suggested,TV,Canada,128.14,Male,CalmWithYoga
VID0455,Car Review: Latest Model,Gaming,30-03-2024,116374,19973,4781,6226,616,67,254,7205,25.17,511,616260,4.42,External,Tablet,Germany,512.1,Male,AdventureSeeker
VID0456,Tech Reviews: Best Smartphones,Entertainment,31-03-2024,25860,40472,3313,5305,1031,615,19,19246,62.27,279,945006,6.27,External,Tablet,Germany,279.06,Male,ScienceNerd
VID0457,DIY Home Makeover,Lifestyle,01-04-2024,153267,24028,2841,9570,66,335,57,12329,74.29,589,606007,8.42,Search,Desktop,Canada,161.16,Male,GamerKing
VID0458,DIY Home Makeover,Technology,02-04-2024,78475,15479,1776,5869,1519,670,111,17056,92.5,146,930464,6.86,Suggested,Tablet,Canada,426.28,Male,StreetEats
VID0459,Fitness Routines for Beginners,Entertainment,03-04-2024,485090,36851,2052,8039,190,820,472,7805,73.49,574,120283,2.16,Direct,Desktop,USA,131.01,Male,TechGuru
VID0460,Hidden Travel Destinations,Technology,04-04-2024,350410,34646,2295,4891,1389,873,312,13994,70.46,73,162054,4.67,Direct,TV,USA,698.99,Female,StreetEats
VID0461,Inspirational Life Stories,Education,05-04-2024,153499,24386,1696,4992,767,408,485,12380,45.49,538,934451,9.11,External,Tablet,UK,456.24,Male,StreetEats
VID0462,Fitness Routines for Beginners,Entertainment,06-04-2024,363876,5210,2993,1961,520,299,460,714,10.12,194,179800,3.33,Search,TV,UK,531.14,Male,GameMaster
VID0463,Travel Vlog: Europe,Lifestyle,07-04-2024,290227,12187,2469,2863,989,907,195,4150,20.81,397,608053,5.04,External,Mobile,UK,146.38,Female,GamerKing
VID0464,Fitness Routines for Beginners,Entertainment,08-04-2024,219118,23862,1946,6603,1140,601,374,16809,58.11,321,50626,9.59,Search,TV,India,139.77,Male,ScienceNerd
VID0465,Yoga for Stress Relief,Entertainment,09-04-2024,320516,17181,3809,4567,266,356,461,15822,70.76,315,807477,7.37,Direct,Tablet,Germany,583.42,Male,GameMaster
VID0466,Epic Gaming Adventure,Entertainment,10-04-2024,124786,35047,2783,6513,1634,255,352,15310,47.57,233,55614,7.5,External,Mobile,India,985.01,Female,InspireNow
VID0467,Home Gardening Tips,Entertainment,11-04-2024,438280,9696,3644,4005,484,352,91,16842,75.76,553,356384,2.6,External,Desktop,Canada,96.25,Male,DIYExpert
VID0468,Fitness Routines for Beginners,Technology,12-04-2024,8813,38119,2500,9114,1532,731,51,3877,56.97,150,206922,4.21,Search,Mobile,USA,285.73,Male,GamerKing
VID0469,Street Food Tasting,Education,13-04-2024,32598,42103,3645,183,1321,520,292,6006,16.68,217,713661,0.92,Suggested,Tablet,Canada,869.46,Male,WanderlustJen
VID0470,Fashion Hacks for 2023,Gaming,14-04-2024,258951,18413,2645,7755,1932,523,7,1821,27.28,42,800822,6.1,Search,Tablet,Canada,72.27,Male,GamerKing
VID0471,Fashion Hacks for 2023,Entertainment,15-04-2024,94106,47739,2349,3358,1187,836,299,17833,85.6,229,121784,1.13,Suggested,TV,USA,875.89,Male,EduMath
VID0472,Tech Reviews: Best Smartphones,Lifestyle,16-04-2024,290226,1113,1932,6615,375,949,97,3996,75.24,485,315126,8.38,Direct,Desktop,Canada,524.29,Female,ChefAntonio
VID0473,Mind-Blowing Science Experiments,Entertainment,17-04-2024,292385,49478,3294,9590,652,755,235,7041,90.53,477,194969,8.16,External,Tablet,UK,408.27,Female,GadgetUnboxer
VID0474,Top Tech Innovations,Lifestyle,18-04-2024,228286,23805,1757,6797,1291,693,388,13564,20.58,100,919744,5.38,External,Tablet,USA,309.68,Female,CarCritic
VID0475,Gaming Secrets Unveiled,Technology,19-04-2024,438785,1928,1116,8728,548,283,373,5346,99.12,159,948125,1.5,Search,Desktop,Canada,297.12,Female,InspireNow
VID0476,Tech Reviews: Best Smartphones,Lifestyle,20-04-2024,12745,8009,2567,7678,1097,311,68,8484,28.85,72,142790,0.35,Search,Desktop,UK,305.8,Female,GamerKing
VID0477,Fashion Hacks for 2023,Gaming,21-04-2024,289173,38456,3499,5698,1531,98,414,19061,11.06,549,334235,7.99,Direct,TV,UK,884.8,Female,LifeCoachAnna
VID0478,Epic Gaming Adventure,Education,22-04-2024,145097,13209,492,1273,72,196,44,15469,99.77,42,613029,6.04,Direct,Mobile,Germany,723.8,Female,GameMaster
VID0479,Gaming Secrets Unveiled,Lifestyle,23-04-2024,233732,2123,3306,6653,307,481,136,16575,35.3,564,821654,7.14,Suggested,Desktop,UK,669.72,Male,ScienceNerd
VID0480,Educational Insights: Math,Lifestyle,24-04-2024,386539,14637,619,1096,198,877,233,13744,70.12,331,836363,3.11,Direct,Tablet,India,798.75,Female,ChefAntonio
VID0481,Street Food Tasting,Education,25-04-2024,146360,26761,3232,9497,1153,225,31,11208,25.9,556,183115,5.14,Direct,Desktop,USA,257.11,Female,EduMath
VID0482,Gaming Secrets Unveiled,Gaming,26-04-2024,90186,38759,3823,9107,1781,844,288,8228,62.22,144,304644,7.5,Direct,Tablet,USA,618.04,Female,Fashionista
VID0483,Hidden Travel Destinations,Entertainment,27-04-2024,400756,33948,2380,8002,1847,614,125,17559,91.36,489,858907,4.68,Direct,TV,USA,460.07,Male,GameMaster
VID0484,Fitness Routines for Beginners,Lifestyle,28-04-2024,360912,37904,1546,4247,571,617,66,18997,38.82,534,555709,6.05,Suggested,Mobile,Canada,782.44,Male,GardenGuru
VID0485,Epic Gaming Adventure,Education,29-04-2024,214030,15479,4958,9220,790,364,29,8268,70.32,337,886197,7.92,Direct,TV,Canada,309.26,Male,GadgetUnboxer
VID0486,Thrilling Game Walkthrough,Technology,30-04-2024,200950,27866,3563,5314,1638,367,113,6961,26.91,354,351391,2.23,Suggested,Desktop,India,643.18,Female,GamerKing
VID0487,Travel Vlog: Europe,Education,01-05-2024,42846,43690,1605,3354,1831,569,203,9090,66.23,204,162186,0.75,Search,Tablet,UK,882.21,Male,DIYExpert
VID0488,Top Tech Innovations,Technology,02-05-2024,495364,2663,3752,270,1855,589,28,13850,40.28,543,717049,5.37,External,Desktop,Canada,402.15,Female,TravelLover
VID0489,Gaming Secrets Unveiled,Gaming,03-05-2024,339076,36160,4675,1186,1510,74,130,17088,29.01,201,542389,0.72,Search,Desktop,UK,66.62,Male,AdventureSeeker
VID0490,Fitness Routines for Beginners,Entertainment,04-05-2024,149554,29297,1890,6305,1876,41,473,3079,38.19,531,618120,7.69,Direct,Desktop,UK,516.05,Male,CarCritic
VID0491,Hidden Travel Destinations,Education,05-05-2024,286555,3686,1275,2398,1174,421,184,7165,26.1,363,385898,7.22,External,Desktop,Canada,345.97,Female,Fashionista
VID0492,Educational Insights: Math,Lifestyle,06-05-2024,445191,16187,2743,6995,1692,835,252,5016,91.17,313,727403,8.83,Direct,Mobile,Canada,672.23,Male,SmartTechie
VID0493,Top Tech Innovations,Gaming,07-05-2024,454761,48968,2493,7299,1229,180,285,697,45.75,504,938518,6.43,Direct,Tablet,India,951.03,Female,WanderlustJen
VID0494,Travel Vlog: Europe,Education,08-05-2024,341941,23325,356,4182,178,544,392,5722,32.08,83,461328,0.77,Search,Desktop,Germany,485.61,Female,GadgetUnboxer
VID0495,Unboxing Latest Gadgets,Lifestyle,09-05-2024,315451,29850,869,9903,196,70,409,18361,50.36,487,381648,2.61,Direct,Tablet,USA,466.19,Male,DIYExpert
VID0496,Top Tech Innovations,Education,10-05-2024,397309,6743,885,2230,734,567,385,12264,38.85,449,760360,8.1,Search,Mobile,Canada,654.58,Female,GameMaster
VID0497,Street Food Tasting,Technology,11-05-2024,471474,27623,2001,6511,88,104,61,1799,77,438,934296,1.75,Direct,Tablet,Canada,103.5,Male,GamerKing
VID0498,Street Food Tasting,Education,12-05-2024,285186,36827,1283,128,798,199,2,17200,97.41,333,949514,7.01,Suggested,Tablet,UK,253.51,Male,GadgetUnboxer
VID0499,Tech Reviews: Best Smartphones,Education,13-05-2024,53930,11105,619,9461,1457,100,429,13529,49.42,588,290644,7.82,External,Mobile,Germany,918.98,Male,AdventureSeeker
VID0500,Hidden Travel Destinations,Education,14-05-2024,249656,43643,882,3672,787,767,67,13896,87.49,251,130939,3.37,Search,Desktop,Canada,669.94,Male,TechGuru
VID0501,Epic Gaming Adventure,Gaming,15-05-2024,438629,261,796,9793,747,306,24,4186,60.93,562,240191,3.29,Search,Tablet,Germany,13.44,Female,LifeCoachAnna
VID0502,Fashion Hacks for 2023,Education,16-05-2024,245459,16129,3642,4765,1206,585,178,765,24.15,187,119777,5.62,External,TV,USA,204.63,Male,CalmWithYoga
VID0503,Cooking with Flair,Lifestyle,17-05-2024,225695,49845,3425,3970,208,682,140,14705,72.16,377,293027,8.63,Search,Tablet,UK,682.84,Male,DIYExpert
VID0504,Gaming Secrets Unveiled,Technology,18-05-2024,361027,14326,1296,7545,492,376,230,17563,56.21,188,143357,2.32,External,Desktop,India,764.4,Female,FitnessPro
VID0505,Fashion Hacks for 2023,Technology,19-05-2024,296900,28831,4714,5552,1153,654,299,8519,68.55,264,565698,9.42,Suggested,TV,USA,839.86,Female,DIYExpert
VID0506,Gaming Secrets Unveiled,Education,20-05-2024,54268,44022,244,627,664,677,162,15284,90.07,434,694888,6.03,Direct,Desktop,Germany,292.18,Female,GameMaster
VID0507,DIY Home Makeover,Gaming,21-05-2024,433430,44948,2895,6589,1036,398,310,1169,49.64,286,680715,9.92,Suggested,Tablet,Germany,931.03,Male,ChefAntonio
VID0508,Inspirational Life Stories,Gaming,22-05-2024,213943,3490,929,2044,1657,772,470,5363,91.11,587,811213,0.99,Direct,Mobile,USA,552.95,Female,WanderlustJen
VID0509,Educational Insights: Math,Lifestyle,23-05-2024,259916,6097,519,2341,870,220,392,16209,77.56,76,376482,1.35,External,Desktop,Germany,696.54,Female,GardenGuru
VID0510,DIY Home Makeover,Education,24-05-2024,422818,12793,3212,5884,731,594,129,8051,53.97,242,529629,8.28,Suggested,Desktop,India,596.74,Female,AdventureSeeker
VID0511,Hidden Travel Destinations,Technology,25-05-2024,185403,49915,2409,8185,1129,181,444,13019,64.29,508,97704,8.66,Direct,Mobile,India,122.74,Female,EduMath
VID0512,Inspirational Life Stories,Gaming,26-05-2024,49901,42192,7,249,1398,306,245,1463,39.3,516,60655,4.51,External,Tablet,Germany,963.11,Male,EduMath
VID0513,Car Review: Latest Model,Education,27-05-2024,363130,641,2525,2925,1605,521,296,4608,98.52,595,944922,7.17,Direct,Desktop,Germany,122.88,Male,TravelLover
VID0514,Travel Vlog: Europe,Gaming,28-05-2024,195488,21917,3423,5043,1730,395,171,1855,70.06,371,318957,8.69,Search,Tablet,India,254.88,Female,InspireNow
VID0515,Thrilling Game Walkthrough,Gaming,29-05-2024,164268,37961,2019,974,697,3,63,619,13.95,553,518453,0.53,Search,Tablet,Germany,813.63,Female,AdventureSeeker
VID0516,Home Gardening Tips,Technology,30-05-2024,391530,13528,4590,9517,1122,862,30,11836,39.4,532,784377,5.78,External,Tablet,Canada,618.6,Male,SmartTechie
VID0517,Mind-Blowing Science Experiments,Entertainment,31-05-2024,268770,44034,4282,7192,593,913,491,10614,66.1,35,785928,8.55,Direct,Mobile,UK,838.15,Female,CalmWithYoga
VID0518,Tech Reviews: Best Smartphones,Lifestyle,01-06-2024,139496,48931,3667,9175,1610,847,46,14788,15.07,173,898620,4.04,Search,Tablet,Canada,515.74,Male,GamerKing
VID0519,Thrilling Game Walkthrough,Lifestyle,02-06-2024,276001,10358,3671,9080,885,999,129,7333,12.15,290,519485,3.09,Suggested,Tablet,Germany,376.99,Male,SmartTechie
VID0520,Mind-Blowing Science Experiments,Technology,03-06-2024,242531,16144,2801,2672,851,803,351,1202,50.5,261,149015,7.98,Direct,TV,Germany,921.85,Female,InspireNow
VID0521,Healthy Living Tips,Gaming,04-06-2024,247693,29511,85,7279,1215,280,465,697,39.94,299,425966,3.42,Direct,TV,UK,36.25,Female,TravelLover
VID0522,Hidden Travel Destinations,Education,05-06-2024,414198,5569,3115,7531,324,214,332,14047,49.45,476,133494,0.13,Search,TV,Germany,856.13,Female,CarCritic
VID0523,Top Tech Innovations,Gaming,06-06-2024,471177,28954,4232,9518,978,971,109,19757,33.64,251,818908,9.6,Search,Desktop,UK,230.82,Female,CarCritic
VID0524,Thrilling Game Walkthrough,Technology,07-06-2024,396196,6356,2468,8662,1749,609,68,12341,24.82,81,667851,5.96,External,Desktop,India,848.74,Female,GameMaster
VID0525,Cooking with Flair,Lifestyle,08-06-2024,180362,10820,3619,1987,1850,419,57,5881,72.02,145,104905,8.21,Direct,TV,UK,139.2,Female,LifeCoachAnna
VID0526,Unboxing Latest Gadgets,Gaming,09-06-2024,27431,34037,1636,90,955,100,105,10897,56.31,567,578532,8.27,Suggested,Mobile,UK,580.22,Female,TechGuru
VID0527,Travel Vlog: Europe,Lifestyle,10-06-2024,348120,33698,3583,8721,1490,962,299,6356,28.01,594,940737,0.76,Search,Mobile,Canada,888.11,Male,Fashionista
VID0528,Gaming Secrets Unveiled,Education,11-06-2024,239360,1751,4009,4059,893,520,329,10480,38.76,570,527261,1.79,Direct,TV,Germany,473.54,Male,WanderlustJen
VID0529,Cooking with Flair,Lifestyle,12-06-2024,345855,19294,3326,2773,1390,572,255,8880,63.26,48,663968,3.18,Search,Desktop,India,746.57,Female,WanderlustJen
VID0530,Street Food Tasting,Lifestyle,13-06-2024,27385,25151,2218,9878,1341,308,311,6654,16.5,421,553503,3.27,External,Desktop,USA,804.67,Female,GardenGuru
VID0531,Epic Gaming Adventure,Entertainment,14-06-2024,432374,27486,2217,8383,143,657,170,12764,23.27,448,245326,6.62,Direct,Mobile,UK,736.49,Female,GamerKing
VID0532,Yoga for Stress Relief,Entertainment,15-06-2024,417235,9618,4967,7409,383,938,382,9699,16.59,338,254356,6.27,Direct,Tablet,USA,925.33,Male,CalmWithYoga
VID0533,Home Gardening Tips,Entertainment,16-06-2024,281783,46126,2369,4440,215,930,472,15611,83.11,215,764207,5,External,Mobile,Germany,446.83,Female,EduMath
VID0534,Educational Insights: Math,Lifestyle,17-06-2024,86530,16284,3638,7347,1384,509,161,4946,77.72,290,520137,2.19,Suggested,Tablet,UK,173.13,Female,GameMaster
VID0535,Home Gardening Tips,Technology,18-06-2024,231983,33887,2503,1008,323,62,484,6705,77.8,557,777296,3.88,Search,Desktop,USA,47.81,Female,CalmWithYoga
VID0536,Gaming Secrets Unveiled,Lifestyle,19-06-2024,284707,21721,943,3783,1038,632,285,10351,74.47,302,425926,5.48,External,Desktop,Canada,246.46,Male,FitnessPro
VID0537,Street Food Tasting,Technology,20-06-2024,433557,10128,2837,6646,216,225,70,16143,70.24,189,824249,4.73,Direct,TV,USA,143.2,Male,CalmWithYoga
VID0538,Mind-Blowing Science Experiments,Technology,21-06-2024,378816,12548,2660,4298,1515,104,254,12864,52.93,253,328160,1.36,External,Desktop,Canada,557.95,Female,Fashionista
VID0539,Home Gardening Tips,Entertainment,22-06-2024,399992,45353,2936,4668,950,973,453,3086,67.81,285,689222,6.53,Direct,Tablet,India,184.95,Male,ScienceNerd
VID0540,Yoga for Stress Relief,Gaming,23-06-2024,430660,34151,4444,4287,1570,771,373,500,13.45,209,55104,0.82,External,Mobile,Germany,38.93,Female,ChefAntonio
VID0541,Hidden Travel Destinations,Education,24-06-2024,463132,49911,3947,2052,182,860,54,19339,65.93,49,508910,3.84,Suggested,TV,USA,35.99,Male,StreetEats
VID0542,Top Tech Innovations,Entertainment,25-06-2024,402927,30547,1676,6009,269,424,322,10516,80.01,497,5389,7.13,Direct,Tablet,UK,831.57,Male,GardenGuru
VID0543,Educational Insights: Math,Entertainment,26-06-2024,206390,18494,1196,1716,944,254,396,3512,55.03,239,745417,0.3,External,Mobile,Germany,591.45,Male,GamerKing
VID0544,Mind-Blowing Science Experiments,Gaming,27-06-2024,346114,34601,4105,310,1490,428,2,16540,42.18,542,860680,5.74,Suggested,Mobile,USA,358.09,Female,DIYExpert
VID0545,Epic Gaming Adventure,Education,28-06-2024,244373,30354,2787,4538,869,433,25,1975,34.97,87,818903,3.41,Suggested,Mobile,UK,894.23,Male,ChefAntonio
VID0546,Fashion Hacks for 2023,Lifestyle,29-06-2024,348697,18609,1461,1260,1635,206,312,4398,67.85,122,575339,0.19,Search,Desktop,UK,70.2,Female,SmartTechie
VID0547,Mind-Blowing Science Experiments,Lifestyle,30-06-2024,162779,49098,3318,3932,1542,27,125,3868,72.35,250,659061,1.98,Direct,Mobile,UK,980.32,Male,CarCritic
VID0548,Top Tech Innovations,Entertainment,01-07-2024,171182,14572,666,584,1565,681,407,5852,88.39,261,237730,9.42,Search,Desktop,UK,616.29,Female,LifeCoachAnna
VID0549,Car Review: Latest Model,Education,02-07-2024,193860,45757,2176,7616,466,335,52,12589,40.81,393,236639,5.26,Suggested,Mobile,USA,183.46,Male,GardenGuru
VID0550,Fashion Hacks for 2023,Entertainment,03-07-2024,83879,3571,3743,8551,304,587,197,1453,79.28,591,633745,9.97,Search,Mobile,India,679.07,Female,DIYExpert
VID0551,Fashion Hacks for 2023,Technology,04-07-2024,433043,41896,600,2866,1167,627,298,6697,60.52,403,90382,5.3,Search,Desktop,Canada,763.38,Female,DIYExpert
VID0552,DIY Home Makeover,Entertainment,05-07-2024,239260,30368,2652,5898,110,68,187,14791,89.46,485,300602,5.48,External,Desktop,Canada,429.34,Male,TravelLover
VID0553,Mind-Blowing Science Experiments,Entertainment,06-07-2024,399871,8429,4422,2011,1013,865,185,4411,57.5,117,735111,3.98,Search,Tablet,Canada,861.63,Male,LifeCoachAnna
VID0554,Top Tech Innovations,Lifestyle,07-07-2024,308003,34965,3824,6251,231,745,304,15407,56.59,49,268325,3.17,Suggested,Mobile,India,150.73,Male,Fashionista
VID0555,Home Gardening Tips,Lifestyle,08-07-2024,447841,46950,3906,4939,1714,512,297,10894,62.01,43,102482,2.59,Search,Desktop,UK,278.84,Male,SmartTechie
VID0556,Healthy Living Tips,Lifestyle,09-07-2024,315242,46798,979,4006,1607,166,203,3034,77.44,162,47370,3.5,Direct,Tablet,UK,93.49,Male,GardenGuru
VID0557,Cooking with Flair,Technology,10-07-2024,147323,28372,2451,1625,1745,863,496,16506,96.82,63,915328,4.65,External,Tablet,Germany,210.88,Male,ScienceNerd
VID0558,Top Tech Innovations,Lifestyle,11-07-2024,123413,42945,628,890,1755,729,483,10494,16.62,237,213828,2,Suggested,Desktop,Canada,238.73,Male,CarCritic
VID0559,Unboxing Latest Gadgets,Education,12-07-2024,263670,6497,1629,6078,1615,784,449,17693,14.81,228,854135,2.33,Search,Mobile,Canada,917.63,Male,GamerKing
VID0560,Fitness Routines for Beginners,Gaming,13-07-2024,331904,32473,3696,7036,1523,367,10,9040,94.38,184,159724,2.79,Direct,Tablet,UK,78.11,Male,LifeCoachAnna
VID0561,Unboxing Latest Gadgets,Education,14-07-2024,48837,35625,3430,8923,594,250,358,17288,57.69,107,574849,4.55,Suggested,Mobile,Canada,427.42,Female,GameMaster
VID0562,Epic Gaming Adventure,Education,15-07-2024,261550,24670,3674,3961,1577,858,353,8425,65.34,201,189191,6.56,Search,Mobile,UK,532.4,Male,ChefAntonio
VID0563,Street Food Tasting,Lifestyle,16-07-2024,274680,18384,3929,2504,1296,855,473,10729,53.42,318,583023,8.58,External,Tablet,UK,898.69,Female,ScienceNerd
VID0564,Healthy Living Tips,Gaming,17-07-2024,29541,19094,2765,8806,1726,930,145,5241,18.43,574,991744,2.94,Search,Desktop,UK,997.7,Male,ScienceNerd
VID0565,Yoga for Stress Relief,Gaming,18-07-2024,80083,23384,4369,3806,172,685,84,3771,79.13,449,824822,1.92,Suggested,Mobile,USA,753.39,Male,AdventureSeeker
VID0566,Inspirational Life Stories,Gaming,19-07-2024,445243,17933,4780,6100,972,169,99,7392,77.25,36,614861,3.85,Suggested,TV,USA,970.79,Female,InspireNow
VID0567,Unboxing Latest Gadgets,Technology,20-07-2024,35531,25222,115,1719,1030,757,103,15538,38.05,189,848333,8.95,Suggested,Desktop,USA,787.1,Female,ScienceNerd
VID0568,Hidden Travel Destinations,Lifestyle,21-07-2024,271856,5117,4956,6686,1178,934,435,12331,37.56,269,536005,0.2,Direct,Tablet,USA,963.2,Female,EduMath
VID0569,Top Tech Innovations,Gaming,22-07-2024,367245,16470,2003,1587,1545,89,45,18582,85.41,452,310995,6.81,Search,TV,India,707.27,Female,LifeCoachAnna
VID0570,Home Gardening Tips,Technology,23-07-2024,328599,29352,692,7000,545,560,43,14611,16.51,565,820673,4.82,Search,Mobile,Germany,79.76,Male,InspireNow
VID0571,Travel Vlog: Europe,Entertainment,24-07-2024,75744,8099,3162,9803,547,445,277,11209,89.3,99,414370,1.69,Search,Desktop,Germany,401.92,Male,DIYExpert
VID0572,Top Tech Innovations,Entertainment,25-07-2024,253859,22536,1105,896,1944,293,180,8544,33.1,245,192886,3.28,External,TV,UK,646.6,Female,CalmWithYoga
VID0573,Travel Vlog: Europe,Technology,26-07-2024,130749,43063,3008,5558,517,918,186,15705,63.37,133,264052,2.33,Direct,Desktop,Canada,350.72,Male,LifeCoachAnna
VID0574,Hidden Travel Destinations,Technology,27-07-2024,268253,2196,2161,8469,1943,149,477,13126,94.24,83,522317,8.79,Direct,Mobile,USA,273.38,Female,GamerKing
VID0575,Top Tech Innovations,Lifestyle,28-07-2024,312412,48301,153,4647,913,131,113,9421,71.03,359,567691,4.87,External,Desktop,Germany,577.4,Female,InspireNow
VID0576,DIY Home Makeover,Lifestyle,29-07-2024,232809,25379,3699,9828,214,432,490,19748,47.3,232,740068,5.67,Direct,TV,Germany,933.5,Male,GardenGuru
VID0577,Fitness Routines for Beginners,Entertainment,30-07-2024,317759,43463,4410,2432,133,58,254,5535,72.06,317,107542,5.98,External,Desktop,USA,34.98,Male,CarCritic
VID0578,Thrilling Game Walkthrough,Gaming,31-07-2024,83503,48809,3786,3904,284,968,380,8593,40.96,74,768513,6.43,Suggested,Tablet,India,769.23,Male,TravelLover
VID0579,Educational Insights: Math,Entertainment,01-08-2024,255346,26301,1064,6837,1149,835,379,6791,34.95,227,657078,5.01,Suggested,Tablet,India,722.73,Female,EduMath
VID0580,Travel Vlog: Europe,Gaming,02-08-2024,423975,19815,4200,1449,1944,198,29,2863,99.7,245,182144,0.28,Direct,TV,Germany,963.95,Female,TechGuru
VID0581,Fitness Routines for Beginners,Gaming,03-08-2024,86708,29409,1913,4500,1462,214,263,3341,77.57,510,976802,3.41,Suggested,Desktop,India,930.71,Male,ChefAntonio
VID0582,Top Tech Innovations,Lifestyle,04-08-2024,192184,15178,1216,5454,1872,897,97,3157,68.02,338,495397,1.92,Suggested,TV,USA,762.23,Male,SmartTechie
VID0583,Cooking with Flair,Education,05-08-2024,103471,5205,2401,9424,685,560,312,17034,41.98,464,384833,6.83,Suggested,Desktop,Germany,520.41,Male,AdventureSeeker
VID0584,Fashion Hacks for 2023,Education,06-08-2024,255225,29412,1772,4117,1175,471,366,5674,14.42,361,634056,0.66,Search,Mobile,USA,204.27,Male,SmartTechie
VID0585,Cooking with Flair,Technology,07-08-2024,158661,2939,1960,8869,330,743,328,5511,12.8,56,554893,5.68,Suggested,Tablet,India,545.24,Male,TechGuru
VID0586,DIY Home Makeover,Lifestyle,08-08-2024,162087,3484,2780,2028,1561,246,114,1687,59.88,195,70134,2.19,Search,Mobile,USA,765.35,Male,StreetEats
VID0587,Hidden Travel Destinations,Gaming,09-08-2024,161081,43719,4804,6845,1406,381,275,10114,78.58,347,380070,9.49,External,Desktop,India,895.67,Female,GadgetUnboxer
VID0588,Gaming Secrets Unveiled,Education,10-08-2024,346453,42921,4746,3758,1138,990,487,6020,58.36,303,983067,3.42,External,Mobile,India,789.71,Male,Fashionista
VID0589,Yoga for Stress Relief,Gaming,11-08-2024,389590,13593,2871,5904,893,238,280,11788,85.67,412,139191,3.32,External,TV,USA,195.27,Female,GameMaster
VID0590,Inspirational Life Stories,Education,12-08-2024,194118,17169,660,4624,1505,926,274,4509,13.01,394,405655,9.24,External,TV,India,599.69,Male,ChefAntonio
VID0591,Fashion Hacks for 2023,Education,13-08-2024,369805,47007,2635,8848,1307,366,260,5883,43.01,132,18726,4.23,External,Desktop,UK,332.17,Female,InspireNow
VID0592,Educational Insights: Math,Education,14-08-2024,158215,7631,2329,165,898,167,330,812,31.34,532,25822,9.63,Suggested,Tablet,USA,9.21,Female,GameMaster
VID0593,Yoga for Stress Relief,Lifestyle,15-08-2024,7154,37151,3954,4591,1098,559,206,5506,50.25,402,904436,0.34,Suggested,TV,UK,200.22,Female,EduMath
VID0594,Car Review: Latest Model,Entertainment,16-08-2024,153876,7836,2450,589,1189,50,383,12141,16.51,274,845147,3.13,Suggested,Tablet,USA,113.22,Male,TravelLover
VID0595,Hidden Travel Destinations,Gaming,17-08-2024,435904,7810,1132,4524,1212,810,327,2533,95.87,198,934882,6.7,External,Desktop,India,842.72,Female,WanderlustJen
VID0596,Cooking with Flair,Lifestyle,18-08-2024,65288,1719,699,2821,77,609,210,3401,30.09,447,924564,8.92,External,Tablet,India,258.51,Male,ChefAntonio
VID0597,Healthy Living Tips,Lifestyle,19-08-2024,52195,14075,2038,6509,946,950,214,16754,93.01,385,956282,2.64,Search,Desktop,Germany,284.7,Female,SmartTechie
VID0598,Educational Insights: Math,Lifestyle,20-08-2024,283725,45703,4647,7693,1625,727,410,11686,48.33,507,692072,9.31,Direct,Mobile,Germany,959.94,Female,GardenGuru
VID0599,Street Food Tasting,Lifestyle,21-08-2024,446864,23352,4500,9454,687,688,39,17563,98.7,154,95335,5.98,Suggested,Desktop,UK,379.09,Male,ChefAntonio
VID0600,Street Food Tasting,Lifestyle,22-08-2024,293231,15361,4557,71,20,379,479,5422,59.87,566,255527,8.03,Direct,Mobile,India,9.59,Male,GardenGuru
VID0601,Educational Insights: Math,Technology,23-08-2024,182002,1531,2179,3580,565,473,25,14032,93.77,431,73579,4.03,External,Desktop,Germany,283.85,Male,GamerKing
VID0602,DIY Home Makeover,Gaming,24-08-2024,165053,9167,2838,7962,1207,79,26,5357,10.48,546,24446,2.2,External,TV,India,119.3,Male,InspireNow
VID0603,Gaming Secrets Unveiled,Lifestyle,25-08-2024,70298,37581,873,268,1894,696,189,13833,77.34,560,687600,9.12,External,TV,USA,102.81,Male,ChefAntonio
VID0604,Mind-Blowing Science Experiments,Gaming,26-08-2024,309311,27137,83,9968,1245,366,82,13468,91.27,283,897665,9.34,Direct,Tablet,Germany,77.49,Female,LifeCoachAnna
VID0605,Fashion Hacks for 2023,Technology,27-08-2024,207376,9657,1422,2462,826,460,383,9877,22.57,150,7753,5.03,Search,Desktop,UK,593.26,Female,GardenGuru
VID0606,Healthy Living Tips,Technology,28-08-2024,437624,9535,2675,9460,1351,910,433,11349,18.65,61,79811,0.16,External,Desktop,Germany,189.35,Female,GameMaster
VID0607,Fashion Hacks for 2023,Gaming,29-08-2024,40499,37866,3180,1015,178,538,169,12981,48.21,66,819745,1.19,Search,Desktop,India,361.24,Female,SmartTechie
VID0608,Educational Insights: Math,Education,30-08-2024,388960,262,4316,9275,1811,451,412,9687,94.03,371,982335,5.77,Search,Tablet,Canada,862.02,Female,TechGuru
VID0609,Home Gardening Tips,Entertainment,31-08-2024,446485,34842,3975,7984,1135,463,166,8891,58.81,42,945636,0.34,Suggested,TV,Canada,424.34,Female,ScienceNerd
VID0610,DIY Home Makeover,Education,01-09-2024,170631,19775,1391,406,1759,959,187,8805,57.47,212,311009,4.03,Direct,Desktop,India,915.69,Male,EduMath
VID0611,Epic Gaming Adventure,Education,02-09-2024,246198,8561,3218,7384,1749,477,168,9358,22.7,294,592381,3.1,External,Tablet,USA,497.94,Male,CarCritic
VID0612,Travel Vlog: Europe,Education,03-09-2024,468535,17115,4207,6049,1082,925,288,7933,10.07,117,951435,7.17,Search,Desktop,Germany,398.84,Female,FitnessPro
VID0613,Gaming Secrets Unveiled,Lifestyle,04-09-2024,243997,32691,614,6169,1350,419,466,19370,82.91,491,955440,0.65,Direct,Mobile,Canada,750.39,Female,GamerKing
VID0614,DIY Home Makeover,Technology,05-09-2024,489533,28147,2971,7982,904,706,228,14345,17.88,75,149985,4.94,Direct,Desktop,USA,73.18,Male,GameMaster
VID0615,Cooking with Flair,Education,06-09-2024,97347,34882,3565,985,1644,213,466,19137,67.05,421,227333,5.83,External,Mobile,India,89.48,Female,LifeCoachAnna
VID0616,Fitness Routines for Beginners,Technology,07-09-2024,311931,9933,3576,4485,1920,368,96,15854,92.32,148,563273,6.21,Suggested,Tablet,USA,651.97,Female,ScienceNerd
VID0617,DIY Home Makeover,Gaming,08-09-2024,298632,7996,4570,8901,668,853,366,9380,28.78,560,199804,4.11,Suggested,Tablet,India,486.94,Male,ScienceNerd
VID0618,Educational Insights: Math,Entertainment,09-09-2024,337585,33072,270,2618,190,113,15,12677,69.87,476,898436,3.11,Search,TV,Germany,790.42,Male,LifeCoachAnna
VID0619,Epic Gaming Adventure,Gaming,10-09-2024,206735,49833,4066,6289,1223,753,278,2614,17.08,75,803033,6.86,Suggested,Desktop,USA,916.27,Male,GardenGuru
VID0620,Thrilling Game Walkthrough,Gaming,11-09-2024,23431,41900,2468,9603,1335,502,134,4069,64.34,537,533619,8.49,Suggested,Tablet,Germany,388.37,Female,LifeCoachAnna
VID0621,Home Gardening Tips,Lifestyle,12-09-2024,324825,30608,1390,6928,707,635,25,19768,24.75,587,478299,6.97,Suggested,TV,USA,596.41,Male,Fashionista
VID0622,Cooking with Flair,Entertainment,13-09-2024,195555,5447,3354,5368,1058,816,351,4666,76.24,555,314541,9.33,Direct,Desktop,India,500.7,Female,TravelLover
VID0623,Street Food Tasting,Gaming,14-09-2024,123720,30414,4135,4621,378,587,11,2296,37.11,32,5504,7.2,External,Tablet,India,981.61,Male,FitnessPro
VID0624,Educational Insights: Math,Gaming,15-09-2024,50153,2743,3607,9677,386,310,71,17273,51.71,57,308568,7.67,Direct,Mobile,USA,831.08,Male,GamerKing
VID0625,Epic Gaming Adventure,Entertainment,16-09-2024,269512,40885,2583,7566,1781,468,132,19959,63.95,410,415225,1.76,Direct,Tablet,India,911.74,Female,SmartTechie
VID0626,Gaming Secrets Unveiled,Entertainment,17-09-2024,421640,18781,4073,4670,236,823,105,11445,25.41,186,37670,4.25,External,Mobile,UK,254.34,Male,LifeCoachAnna
VID0627,Tech Reviews: Best Smartphones,Gaming,18-09-2024,375504,38428,3075,7658,615,707,219,1409,76.75,540,568343,4.9,Direct,TV,UK,772.53,Male,InspireNow
VID0628,Cooking with Flair,Entertainment,19-09-2024,177076,15992,3906,1003,1542,862,372,964,37.24,362,408378,2.64,Search,TV,Germany,265.47,Female,ChefAntonio
VID0629,Healthy Living Tips,Gaming,20-09-2024,478085,47399,289,7504,282,43,452,12155,69.61,143,118615,5.33,Search,Desktop,UK,208.74,Female,TechGuru
VID0630,Mind-Blowing Science Experiments,Gaming,21-09-2024,220724,17173,2480,2466,0,414,176,5489,24.25,418,891148,2.98,Direct,Desktop,UK,944.27,Female,GamerKing
VID0631,Mind-Blowing Science Experiments,Lifestyle,22-09-2024,375899,36868,3252,1939,1754,697,281,19847,71.93,516,852862,6.91,Suggested,Desktop,Canada,19.3,Female,LifeCoachAnna
VID0632,Fitness Routines for Beginners,Education,23-09-2024,57985,30782,278,1635,463,854,132,11816,21.54,279,178975,4.76,Direct,TV,Canada,965.39,Female,StreetEats
VID0633,Gaming Secrets Unveiled,Gaming,24-09-2024,313213,32362,2924,9890,1253,245,21,12078,48.28,344,299009,4.64,Suggested,Mobile,Canada,149.26,Male,SmartTechie
VID0634,Epic Gaming Adventure,Technology,25-09-2024,315470,31458,580,8095,966,948,462,3103,32.25,268,324832,9.84,Direct,Desktop,Canada,819.44,Male,TechGuru
VID0635,Fitness Routines for Beginners,Education,26-09-2024,109737,14389,4958,6265,171,83,268,14274,77.35,263,731920,3.99,Search,Desktop,India,275.92,Female,AdventureSeeker
VID0636,Fitness Routines for Beginners,Education,27-09-2024,213133,49923,253,1895,1110,206,411,13872,33.58,332,361277,3.69,Suggested,TV,Germany,350.7,Female,StreetEats
VID0637,DIY Home Makeover,Education,28-09-2024,155470,8027,4276,6524,1576,150,160,17715,89.35,363,944677,3.25,Search,Mobile,Germany,216.76,Female,GamerKing
VID0638,Street Food Tasting,Lifestyle,29-09-2024,230465,48430,4776,1073,1146,667,106,8059,90.26,142,63971,8.96,Direct,Tablet,UK,585.51,Female,SmartTechie
VID0639,Top Tech Innovations,Gaming,30-09-2024,51861,1271,824,5184,842,527,278,12080,27.68,391,410872,5.02,External,Desktop,Germany,348.1,Male,Fashionista
VID0640,Hidden Travel Destinations,Lifestyle,01-10-2024,339041,12018,3832,2402,1321,164,352,19195,65.25,126,582075,6.04,Suggested,Tablet,UK,657.39,Female,EduMath
VID0641,Street Food Tasting,Gaming,02-10-2024,213977,42003,699,4895,1908,916,234,6681,17.89,45,395361,1.89,Suggested,Tablet,Germany,15.65,Male,TechGuru
VID0642,Thrilling Game Walkthrough,Lifestyle,03-10-2024,128118,39210,1380,7331,1952,974,17,16905,45.24,585,321720,5.46,Direct,Desktop,USA,64.37,Male,StreetEats
VID0643,Thrilling Game Walkthrough,Lifestyle,04-10-2024,331721,12029,3896,9343,689,144,241,10065,74.2,405,488301,2.82,Direct,TV,USA,99.66,Female,LifeCoachAnna
VID0644,Top Tech Innovations,Technology,05-10-2024,197713,2639,1673,1956,574,36,116,11860,69.35,419,641263,7.33,Suggested,Desktop,Germany,418.99,Female,GadgetUnboxer
VID0645,Travel Vlog: Europe,Lifestyle,06-10-2024,10078,36827,2727,7023,1507,332,285,15022,66.22,246,993355,8.34,External,Mobile,India,814.8,Female,WanderlustJen
VID0646,Tech Reviews: Best Smartphones,Entertainment,07-10-2024,419219,46051,3156,3907,164,402,281,1046,35.43,428,50651,7.18,Direct,Mobile,UK,888.18,Female,CalmWithYoga
VID0647,Thrilling Game Walkthrough,Technology,08-10-2024,325912,22769,3388,807,1722,413,143,18318,44.02,289,592172,7.33,Direct,Desktop,Germany,244.81,Male,WanderlustJen
VID0648,Gaming Secrets Unveiled,Lifestyle,09-10-2024,52047,5532,4307,8378,382,44,204,1664,19.27,349,362509,5.17,Direct,Tablet,UK,574.37,Female,TechGuru
VID0649,Street Food Tasting,Education,10-10-2024,334770,20744,383,4827,208,401,38,7432,74.71,225,558329,7.15,External,Mobile,Canada,768.36,Female,EduMath
VID0650,Yoga for Stress Relief,Entertainment,11-10-2024,320804,18845,341,4524,1762,205,416,5044,55.35,507,73347,4.28,Suggested,Mobile,Germany,288.83,Male,StreetEats
VID0651,Tech Reviews: Best Smartphones,Entertainment,12-10-2024,236458,28328,1987,9499,1455,61,153,16157,73.79,447,742959,6.55,Search,Desktop,India,409.01,Female,AdventureSeeker
VID0652,Fashion Hacks for 2023,Entertainment,13-10-2024,444002,34621,4059,2284,1412,419,175,13977,32.4,504,212311,2.66,Direct,Desktop,Canada,523.97,Female,StreetEats
VID0653,Cooking with Flair,Technology,14-10-2024,396141,31803,4939,5313,1583,867,448,10239,39.2,597,837887,0.79,External,TV,Germany,134.87,Female,InspireNow
VID0654,DIY Home Makeover,Lifestyle,15-10-2024,216048,27028,3109,757,223,467,240,1408,40.08,573,927294,4.19,Suggested,Desktop,USA,25.98,Female,GamerKing
VID0655,Unboxing Latest Gadgets,Lifestyle,16-10-2024,237293,18422,4082,4887,2,819,421,19470,12.32,260,494070,4.67,Suggested,Desktop,Germany,152.81,Female,GamerKing
VID0656,Healthy Living Tips,Education,17-10-2024,118832,22460,4515,3854,371,18,385,16870,40.69,550,976946,2.64,External,Mobile,USA,626.85,Male,LifeCoachAnna
VID0657,Street Food Tasting,Education,18-10-2024,393550,29155,2798,3558,1710,364,368,3358,82.3,229,738527,7.3,Direct,Mobile,USA,73.62,Female,AdventureSeeker
VID0658,Tech Reviews: Best Smartphones,Entertainment,19-10-2024,126150,42991,3240,9772,1469,299,133,4911,90.76,50,423859,0.83,Search,Mobile,Germany,189.7,Female,DIYExpert
VID0659,DIY Home Makeover,Education,20-10-2024,158087,16476,1988,961,610,6,45,6797,56.64,340,942513,2.31,Direct,Tablet,Germany,337.85,Female,GameMaster
VID0660,Hidden Travel Destinations,Technology,21-10-2024,34320,6688,3414,3847,115,760,49,15875,51,463,350424,7.51,Suggested,Mobile,USA,77.87,Female,ChefAntonio
VID0661,Tech Reviews: Best Smartphones,Lifestyle,22-10-2024,328025,25100,1849,6726,1293,427,165,11139,12.77,400,692601,4.43,Search,Mobile,UK,191.7,Male,FitnessPro
VID0662,Mind-Blowing Science Experiments,Entertainment,23-10-2024,91827,6404,305,3575,446,116,105,1539,89.13,589,420614,7.08,Direct,Desktop,Canada,911.27,Male,AdventureSeeker
VID0663,Tech Reviews: Best Smartphones,Education,24-10-2024,365359,7445,3613,9067,1391,579,215,11734,11.17,107,518149,5.72,Search,TV,India,19.3,Male,GameMaster
VID0664,DIY Home Makeover,Technology,25-10-2024,420505,29400,2749,2418,1276,506,145,155,95.03,571,100419,9.51,External,Mobile,Germany,653.43,Male,CarCritic
VID0665,Mind-Blowing Science Experiments,Technology,26-10-2024,260931,24359,4964,4198,1340,545,410,19808,54.03,314,375498,6.02,Direct,TV,Canada,384.41,Male,WanderlustJen
VID0666,Yoga for Stress Relief,Education,27-10-2024,397605,25570,1135,1001,414,705,424,205,40.77,169,217246,0.25,Suggested,Mobile,Canada,672.65,Male,CarCritic
VID0667,Hidden Travel Destinations,Lifestyle,28-10-2024,419899,23117,205,5244,1118,324,71,3301,93.18,582,194520,3.59,Suggested,Mobile,UK,588.69,Male,SmartTechie
VID0668,Street Food Tasting,Education,29-10-2024,407845,15452,4591,7119,1808,54,475,15284,12.2,311,586556,1.52,Search,TV,Canada,223.5,Female,EduMath
VID0669,Educational Insights: Math,Entertainment,30-10-2024,324694,33465,3450,4066,891,777,329,769,62.33,591,43762,9.25,External,Desktop,Germany,847.21,Female,GamerKing
VID0670,Home Gardening Tips,Education,31-10-2024,25826,19546,3811,2845,1047,991,272,12763,59.4,287,399222,1.13,Direct,Mobile,Canada,491.94,Female,ChefAntonio
VID0671,Educational Insights: Math,Technology,01-11-2024,101734,2436,3622,9673,1651,41,246,1066,29.74,389,545393,3.94,External,TV,Germany,822.54,Female,GadgetUnboxer
VID0672,Hidden Travel Destinations,Education,02-11-2024,158702,9979,3599,8849,662,296,445,16791,48.6,469,603378,2.34,External,Mobile,Germany,406.01,Female,GameMaster
VID0673,Thrilling Game Walkthrough,Lifestyle,03-11-2024,230834,32416,2551,5316,1873,972,412,18622,68.7,299,290875,8.48,Search,Tablet,USA,984.69,Male,GameMaster
VID0674,Cooking with Flair,Gaming,04-11-2024,178235,33440,4308,422,1073,230,185,11756,75.44,163,604185,3.15,Search,Tablet,UK,770.49,Female,AdventureSeeker
VID0675,Car Review: Latest Model,Education,05-11-2024,99511,7621,309,6715,1525,452,69,15993,10.06,133,77623,9.92,Direct,Tablet,India,965.95,Male,AdventureSeeker
VID0676,Top Tech Innovations,Lifestyle,06-11-2024,460651,6271,2708,4266,717,889,461,13189,94.32,124,800447,0.48,Suggested,Tablet,USA,514.33,Male,InspireNow
VID0677,Epic Gaming Adventure,Lifestyle,07-11-2024,274797,23581,1991,7549,1521,393,149,16593,24.81,509,349855,1.37,Direct,Desktop,India,473.69,Female,TravelLover
VID0678,Inspirational Life Stories,Technology,08-11-2024,160033,18574,271,6316,1358,521,245,3732,31.02,270,432338,2.32,External,Tablet,Germany,755.45,Female,AdventureSeeker
VID0679,DIY Home Makeover,Lifestyle,09-11-2024,82941,46860,3642,2710,1102,357,261,5784,33.71,42,803532,8.13,Search,TV,USA,880.29,Female,EduMath
VID0680,Educational Insights: Math,Lifestyle,10-11-2024,206209,44729,4086,8644,1605,986,25,13366,13.4,176,159464,8.8,External,Mobile,Canada,964.15,Female,GameMaster
VID0681,Top Tech Innovations,Lifestyle,11-11-2024,296806,45332,1822,8069,1050,443,422,18399,21.07,124,856242,0.81,Search,TV,Canada,324.55,Male,CalmWithYoga
VID0682,DIY Home Makeover,Lifestyle,12-11-2024,99818,21108,3273,1657,270,127,139,17040,98.77,322,939805,0.42,Suggested,Tablet,India,798.7,Female,GameMaster
VID0683,Tech Reviews: Best Smartphones,Entertainment,13-11-2024,450662,1733,4538,2541,561,690,98,204,38.37,54,169267,7.47,External,Desktop,Germany,210.65,Male,ChefAntonio
VID0684,Fitness Routines for Beginners,Entertainment,14-11-2024,153360,12585,4349,6763,803,404,397,2147,20.38,301,946857,1.42,Search,Tablet,India,545.57,Male,DIYExpert
VID0685,Fashion Hacks for 2023,Technology,15-11-2024,254627,43717,520,3075,246,391,277,16629,19.63,534,660289,1.42,Direct,Tablet,UK,179.85,Female,LifeCoachAnna
VID0686,Epic Gaming Adventure,Education,16-11-2024,96081,3748,976,3164,1799,192,50,17357,74.75,195,660466,0.32,Direct,Desktop,Canada,347.4,Female,ScienceNerd
VID0687,Fashion Hacks for 2023,Lifestyle,17-11-2024,37877,48045,3722,2053,1614,603,150,16782,86.91,116,398194,0.59,Direct,Desktop,USA,931.36,Male,GardenGuru
VID0688,DIY Home Makeover,Education,18-11-2024,374706,13240,3551,8479,386,880,431,19722,33.13,520,639168,2.71,External,Desktop,USA,146.09,Male,AdventureSeeker
VID0689,Yoga for Stress Relief,Education,19-11-2024,409529,18021,4105,5737,701,742,454,8937,11.88,170,477532,0.74,Search,Desktop,USA,632.4,Male,TechGuru
VID0690,Mind-Blowing Science Experiments,Technology,20-11-2024,212957,14457,2773,3217,558,77,103,15507,30.08,132,695994,3.75,Search,Desktop,Canada,592.95,Male,GameMaster
VID0691,Travel Vlog: Europe,Lifestyle,21-11-2024,73715,46236,2552,1447,972,84,433,6482,15.09,255,463679,8.34,Search,Desktop,Germany,120.74,Male,CarCritic
VID0692,Educational Insights: Math,Lifestyle,22-11-2024,142398,3237,2832,6009,1384,29,88,18995,19.31,323,898712,3.33,External,Mobile,Canada,325.98,Female,AdventureSeeker
VID0693,Inspirational Life Stories,Gaming,23-11-2024,111091,197,3907,607,1889,724,140,883,48.84,335,988901,7.31,Search,Tablet,Canada,562.98,Female,ScienceNerd
VID0694,Street Food Tasting,Education,24-11-2024,133632,11507,152,4552,983,48,212,470,30.69,283,157047,1.03,Suggested,Tablet,USA,187.18,Male,GameMaster
VID0695,Healthy Living Tips,Education,25-11-2024,342292,30675,2964,1764,1511,776,232,16008,56.44,209,853109,6.63,External,Desktop,Canada,800.62,Male,LifeCoachAnna
VID0696,Street Food Tasting,Entertainment,26-11-2024,84186,12822,2916,9417,351,144,393,586,32.81,69,677590,3.24,Suggested,TV,USA,972.16,Male,CalmWithYoga
VID0697,Yoga for Stress Relief,Gaming,27-11-2024,420961,13024,2800,9427,1724,68,182,14600,94.65,549,152685,7.52,Suggested,Desktop,Germany,214.76,Male,ChefAntonio
VID0698,Street Food Tasting,Entertainment,28-11-2024,163962,3850,1752,9221,1951,57,250,3296,91.53,575,675871,1.45,Direct,Mobile,UK,186.91,Male,GameMaster
VID0699,DIY Home Makeover,Entertainment,29-11-2024,152094,27833,2610,2671,1279,696,8,9652,61.01,265,56246,8.99,External,TV,USA,454.94,Male,GadgetUnboxer
VID0700,Cooking with Flair,Entertainment,30-11-2024,386773,8635,3875,6519,1245,573,78,2361,41.9,492,910007,2.5,Search,Mobile,India,747.77,Female,GadgetUnboxer
VID0701,Car Review: Latest Model,Technology,01-12-2024,446795,24587,1104,3962,1907,478,51,10913,44.3,257,698713,3.6,Suggested,TV,UK,281.6,Female,GadgetUnboxer
VID0702,Yoga for Stress Relief,Technology,02-12-2024,71316,30751,2536,3177,752,819,385,9248,47.07,512,872127,9.51,External,TV,Germany,19.88,Male,StreetEats
VID0703,Yoga for Stress Relief,Entertainment,03-12-2024,478063,4766,4990,3722,780,444,408,8672,75.48,459,823750,5.83,Search,Desktop,UK,541.22,Male,FitnessPro
VID0704,Travel Vlog: Europe,Gaming,04-12-2024,29380,48877,4199,4906,1024,295,268,15108,50.65,51,168893,3.72,Direct,Mobile,USA,956.6,Female,StreetEats
VID0705,Healthy Living Tips,Education,05-12-2024,111198,17094,3854,7263,545,677,225,13185,87.11,372,283953,9.5,External,TV,Germany,391.28,Female,TravelLover
VID0706,Tech Reviews: Best Smartphones,Gaming,06-12-2024,265500,1827,3494,5054,1469,170,50,16722,94.97,69,936692,3.36,External,Mobile,India,420.13,Female,ChefAntonio
VID0707,Fashion Hacks for 2023,Lifestyle,07-12-2024,71326,34722,1914,9667,78,574,185,6943,40.24,202,290820,1.04,External,Desktop,USA,968.9,Female,GameMaster
VID0708,Unboxing Latest Gadgets,Technology,08-12-2024,355591,10900,3072,808,1259,146,33,1205,60.46,468,593667,9.97,Search,Desktop,USA,694.61,Male,ChefAntonio
VID0709,Top Tech Innovations,Education,09-12-2024,115994,37923,1006,9170,333,483,290,17870,18.56,208,592380,2.75,Suggested,Desktop,Germany,719.17,Male,WanderlustJen
VID0710,Educational Insights: Math,Education,10-12-2024,221971,43139,406,725,888,305,229,10541,28.04,162,347372,8.53,Suggested,Desktop,Germany,562.7,Male,CalmWithYoga
VID0711,Epic Gaming Adventure,Lifestyle,11-12-2024,283193,18808,166,7701,1372,672,130,9819,47.21,380,220584,1.74,External,Tablet,UK,974.61,Male,GamerKing
VID0712,Unboxing Latest Gadgets,Lifestyle,12-12-2024,469933,12919,508,1216,1121,652,489,18151,28.56,554,927420,7.34,External,TV,India,688.87,Male,GameMaster
VID0713,Inspirational Life Stories,Entertainment,13-12-2024,368505,9469,1661,4051,1105,845,119,2791,88.89,569,957998,5.29,Search,Tablet,UK,895.03,Male,GamerKing
VID0714,Inspirational Life Stories,Technology,14-12-2024,279226,9383,3664,2197,501,608,442,11964,24.25,535,722282,9.81,Direct,Desktop,UK,699.38,Female,InspireNow
VID0715,Car Review: Latest Model,Technology,15-12-2024,263805,30673,3489,2806,1990,445,325,2096,51.01,113,795516,5.57,External,TV,USA,735.12,Female,GamerKing
VID0716,Unboxing Latest Gadgets,Gaming,16-12-2024,169484,13271,4858,8970,1500,220,246,1525,64.51,493,649343,0.35,External,TV,Germany,290.41,Female,LifeCoachAnna
VID0717,Hidden Travel Destinations,Entertainment,17-12-2024,266064,31033,680,972,1950,554,431,16478,72.27,372,355946,6.08,Direct,Mobile,USA,303.48,Female,CalmWithYoga
VID0718,Car Review: Latest Model,Entertainment,18-12-2024,485410,5874,2524,5634,1727,944,191,6949,44.48,309,909340,1.54,External,Desktop,India,782.98,Male,GadgetUnboxer
VID0719,Yoga for Stress Relief,Entertainment,19-12-2024,246378,6619,2120,7483,764,803,496,3347,88.22,292,543618,8.01,Suggested,Tablet,UK,296.71,Female,GamerKing
VID0720,Fitness Routines for Beginners,Entertainment,20-12-2024,454531,11083,4677,2123,920,377,402,19076,61.15,195,217397,8.58,External,Mobile,India,562.77,Male,DIYExpert
VID0721,Yoga for Stress Relief,Technology,21-12-2024,342705,31032,4357,8790,549,619,322,1590,49.56,322,777022,4.87,Suggested,TV,Germany,249.35,Male,GadgetUnboxer
VID0722,Fitness Routines for Beginners,Technology,22-12-2024,272090,30898,1363,224,13,265,209,17708,16.05,538,863998,7.85,Search,Tablet,Germany,816.98,Male,LifeCoachAnna
VID0723,Educational Insights: Math,Entertainment,23-12-2024,226314,18233,1331,9032,391,94,102,19071,51.82,255,790523,1.54,Search,Desktop,Canada,110.5,Female,InspireNow
VID0724,Mind-Blowing Science Experiments,Gaming,24-12-2024,439716,15039,2292,1814,1370,261,328,19548,83.87,199,94378,4.97,Suggested,Tablet,India,829.45,Male,AdventureSeeker
VID0725,Tech Reviews: Best Smartphones,Education,25-12-2024,236612,881,1538,1106,309,824,371,14410,65.31,477,125907,4,Suggested,Tablet,USA,602.73,Male,StreetEats
VID0726,Fitness Routines for Beginners,Education,26-12-2024,279453,49150,3408,124,385,896,459,17316,84.89,531,641657,6.15,Direct,Tablet,India,186.91,Male,TechGuru
VID0727,Home Gardening Tips,Gaming,27-12-2024,56230,27724,560,3246,1232,70,132,15501,54.46,556,258216,0.54,Suggested,Mobile,UK,542.04,Male,FitnessPro
VID0728,Cooking with Flair,Entertainment,28-12-2024,374966,6923,1099,2931,1380,953,322,12984,20.66,408,808327,7.55,Suggested,TV,Germany,282.5,Male,InspireNow
VID0729,Car Review: Latest Model,Technology,29-12-2024,492872,18589,1903,2971,973,218,138,18924,11.23,230,972186,0.88,External,Tablet,Germany,323.47,Male,GamerKing
VID0730,Unboxing Latest Gadgets,Education,30-12-2024,424243,40061,174,2017,1624,532,120,4895,37.29,279,17238,6.6,Direct,TV,India,351.53,Male,GardenGuru
VID0731,Inspirational Life Stories,Lifestyle,31-12-2024,466757,29218,2156,7415,1591,91,93,1746,72.82,438,134203,0.28,Suggested,Mobile,India,63.32,Male,TechGuru
VID0732,Home Gardening Tips,Lifestyle,01-01-2025,375484,34981,2230,2415,1117,126,451,16242,81.12,154,673765,8.34,Suggested,Desktop,India,985.96,Male,DIYExpert
VID0733,Home Gardening Tips,Gaming,02-01-2025,60321,16380,4287,3096,1116,79,452,14406,36.62,142,543844,1.83,Suggested,Desktop,UK,31.53,Female,SmartTechie
VID0734,Tech Reviews: Best Smartphones,Entertainment,03-01-2025,133028,22363,4160,1609,339,823,128,16924,54.61,166,765534,5.2,External,Tablet,UK,662.5,Male,TechGuru
VID0735,Yoga for Stress Relief,Education,04-01-2025,232447,13665,3920,717,596,237,90,6056,47.9,525,510741,2.69,External,Mobile,USA,371.23,Male,ChefAntonio
VID0736,Tech Reviews: Best Smartphones,Entertainment,05-01-2025,337275,20454,1497,3561,1468,982,91,14028,46.95,179,384300,7.25,External,Desktop,India,646.01,Male,LifeCoachAnna
VID0737,Travel Vlog: Europe,Education,06-01-2025,442124,43051,3854,9208,756,371,62,9821,30.82,372,640104,3.28,Search,Mobile,USA,356.25,Female,InspireNow
VID0738,Car Review: Latest Model,Gaming,07-01-2025,472555,25743,3171,6782,1045,915,28,11257,22.27,350,691307,7.27,External,Mobile,Canada,673.75,Female,TechGuru
VID0739,Tech Reviews: Best Smartphones,Gaming,08-01-2025,289107,23748,1567,1048,290,485,209,2467,27.7,561,579206,2.92,Suggested,Tablet,UK,729.24,Male,Fashionista
VID0740,Thrilling Game Walkthrough,Lifestyle,09-01-2025,102757,42071,1151,9549,1508,693,11,6796,14.98,318,824122,7.55,External,Tablet,Germany,690.55,Female,FitnessPro
VID0741,Gaming Secrets Unveiled,Entertainment,10-01-2025,433659,18758,368,8307,1807,24,332,5290,27.83,518,26514,0.4,External,Mobile,Canada,113.96,Male,Fashionista
VID0742,Gaming Secrets Unveiled,Lifestyle,11-01-2025,362403,21353,4946,7905,305,155,296,4763,10.83,521,728859,2.9,Direct,Mobile,Germany,656.89,Female,GadgetUnboxer
VID0743,DIY Home Makeover,Entertainment,12-01-2025,302207,48663,42,9993,633,516,129,7162,66.45,281,763777,5.04,Suggested,Tablet,Canada,279.99,Female,TechGuru
VID0744,Tech Reviews: Best Smartphones,Lifestyle,13-01-2025,377369,26490,1907,5578,1151,631,292,4431,38.47,106,181850,0.55,External,Mobile,USA,28.8,Female,GadgetUnboxer
VID0745,Gaming Secrets Unveiled,Technology,14-01-2025,379544,23228,3490,1620,624,788,172,19518,97.58,421,912495,1.94,Search,Tablet,USA,414.83,Male,ChefAntonio
VID0746,Home Gardening Tips,Technology,15-01-2025,343962,13589,2535,6548,938,529,207,11980,27.43,441,788712,9.35,Direct,TV,UK,433.54,Male,CarCritic
VID0747,Cooking with Flair,Technology,16-01-2025,267847,38414,4173,7381,1296,942,431,16346,41.12,202,485359,9.77,External,Mobile,Germany,467.17,Male,LifeCoachAnna
VID0748,Tech Reviews: Best Smartphones,Technology,17-01-2025,197200,32758,2873,4780,847,709,23,3362,42.21,230,715118,7.42,Direct,Tablet,Canada,704.82,Male,DIYExpert
VID0749,Car Review: Latest Model,Education,18-01-2025,73099,6952,1824,3792,441,56,98,13420,10.76,246,490839,2.6,Direct,Mobile,India,308.84,Female,SmartTechie
VID0750,Travel Vlog: Europe,Technology,19-01-2025,420065,29550,1293,2941,502,604,405,18591,85.53,405,42692,2.68,Search,Tablet,India,315.28,Male,TechGuru
VID0751,Home Gardening Tips,Gaming,20-01-2025,163932,2651,4769,5695,129,18,355,7136,12.88,40,977304,6.49,Search,Mobile,UK,60.55,Female,ChefAntonio
VID0752,Fashion Hacks for 2023,Gaming,21-01-2025,32585,6511,4796,6401,1155,383,138,19231,94.62,41,891807,1.26,Search,Desktop,Germany,686.82,Male,GamerKing
VID0753,Hidden Travel Destinations,Education,22-01-2025,416231,49259,4854,9169,596,864,313,4777,90.29,464,361773,9.49,Suggested,Desktop,India,567.83,Female,DIYExpert
VID0754,Educational Insights: Math,Technology,23-01-2025,471755,33343,3386,6197,1958,192,173,8072,58.2,402,44423,2.33,Direct,Mobile,UK,349.43,Female,SmartTechie
VID0755,Street Food Tasting,Technology,24-01-2025,44585,21900,2972,5450,1505,236,28,15429,58.92,302,613984,10,External,Desktop,UK,705.19,Female,TravelLover
VID0756,Inspirational Life Stories,Technology,25-01-2025,290102,10503,3922,8975,861,386,418,4364,68.84,538,527183,5.01,Search,Mobile,Germany,537.36,Male,CalmWithYoga
VID0757,Inspirational Life Stories,Lifestyle,26-01-2025,289161,7339,4997,8432,1413,425,495,3233,44.83,161,365093,7.74,Search,Mobile,India,469.24,Male,ChefAntonio
VID0758,Epic Gaming Adventure,Entertainment,27-01-2025,470923,6810,992,5874,592,276,142,11712,68.25,348,384391,0.12,Direct,TV,India,511.32,Male,ChefAntonio
VID0759,Healthy Living Tips,Lifestyle,28-01-2025,387821,21484,2386,1553,998,226,315,17949,14.03,197,753244,8.9,Direct,TV,India,636.35,Female,GameMaster
VID0760,Top Tech Innovations,Entertainment,29-01-2025,439566,21138,2240,1012,324,744,350,18695,14.86,426,409495,2.77,Direct,Desktop,USA,660,Female,InspireNow
VID0761,Top Tech Innovations,Technology,30-01-2025,406417,40946,1476,8378,1092,551,41,14258,51.15,209,595816,6.71,External,TV,India,288.96,Male,FitnessPro
VID0762,Inspirational Life Stories,Technology,31-01-2025,292570,22547,3407,1881,1683,322,488,9835,59.47,87,947726,8.08,Suggested,TV,Canada,140.74,Male,LifeCoachAnna
VID0763,Fitness Routines for Beginners,Lifestyle,01-02-2025,280922,2385,389,6799,447,152,298,1789,89.9,509,400827,1.73,Suggested,Mobile,USA,156.63,Male,GardenGuru
VID0764,Street Food Tasting,Lifestyle,02-02-2025,177313,38091,999,4586,1551,638,207,9863,19.42,489,767251,4.48,Search,Tablet,USA,639.39,Female,GameMaster
VID0765,Top Tech Innovations,Entertainment,03-02-2025,43229,13621,4620,8622,818,236,329,7827,84.04,90,665844,4.99,Suggested,Mobile,USA,872.87,Male,GadgetUnboxer
VID0766,Tech Reviews: Best Smartphones,Gaming,04-02-2025,87652,47757,1855,8430,1640,997,432,7864,28.9,398,880108,3.19,External,TV,USA,409.5,Female,GamerKing
VID0767,Hidden Travel Destinations,Entertainment,05-02-2025,391411,7071,658,6447,1188,54,191,13103,45.47,150,728188,4.87,Suggested,Mobile,UK,169.52,Male,AdventureSeeker
VID0768,Fashion Hacks for 2023,Lifestyle,06-02-2025,250474,29239,2763,2345,1511,979,159,918,38.49,575,255815,3.24,External,Desktop,Canada,756.6,Female,StreetEats
VID0769,Yoga for Stress Relief,Lifestyle,07-02-2025,180436,20009,3663,75,1736,435,63,14539,46.01,46,289568,3.67,Search,Tablet,Germany,832.49,Male,DIYExpert
VID0770,Inspirational Life Stories,Education,08-02-2025,493049,11631,4986,9548,708,683,242,15177,23.54,525,446419,6.73,Direct,TV,India,880.58,Male,CarCritic
VID0771,Travel Vlog: Europe,Lifestyle,09-02-2025,389647,14821,1481,5877,1449,108,257,4621,55.32,526,295221,6.36,External,TV,USA,606.83,Female,TravelLover
VID0772,Unboxing Latest Gadgets,Education,10-02-2025,261116,19306,3731,6785,1720,865,151,1224,82.15,534,139283,2.4,Direct,Mobile,Germany,860.73,Female,GardenGuru
VID0773,DIY Home Makeover,Gaming,11-02-2025,348022,37811,451,4922,1857,980,214,5760,49.74,561,610336,8.99,Search,Mobile,UK,15.41,Female,TechGuru
VID0774,Thrilling Game Walkthrough,Entertainment,12-02-2025,320200,6630,2475,8090,264,183,321,5741,54.16,344,257788,8.64,External,Mobile,Germany,107.24,Male,WanderlustJen
VID0775,Yoga for Stress Relief,Entertainment,13-02-2025,421706,11216,3222,2330,1898,950,165,17613,86.39,98,493585,5.14,External,Mobile,USA,92.58,Male,EduMath
VID0776,Fitness Routines for Beginners,Education,14-02-2025,20975,358,1537,4686,611,367,30,1802,73.55,190,495687,4.39,Suggested,TV,Canada,712.6,Female,CalmWithYoga
VID0777,Epic Gaming Adventure,Entertainment,15-02-2025,158795,382,3093,1902,1365,982,370,18485,54.14,174,649881,3.83,External,Mobile,Germany,69.58,Male,StreetEats
VID0778,Unboxing Latest Gadgets,Lifestyle,16-02-2025,417495,14037,882,4670,831,197,231,11239,33.19,598,236335,7.1,Search,TV,USA,496.36,Male,TechGuru
VID0779,Tech Reviews: Best Smartphones,Technology,17-02-2025,210373,1998,4408,7143,1749,370,281,15802,89.64,414,922100,6.75,Direct,Mobile,USA,472.71,Female,CalmWithYoga
VID0780,Mind-Blowing Science Experiments,Education,18-02-2025,405777,4235,4068,2059,1301,372,28,6623,61.93,298,853487,2.04,External,Tablet,India,310.7,Male,GardenGuru
VID0781,Fashion Hacks for 2023,Entertainment,19-02-2025,198133,6729,4935,140,673,972,194,12497,29.9,483,352492,6.75,Search,Tablet,India,870.41,Male,TravelLover
VID0782,Fashion Hacks for 2023,Education,20-02-2025,351541,44036,2566,1789,1462,496,333,8211,34.22,547,206584,2.6,Search,Mobile,Canada,170.43,Female,EduMath
VID0783,Gaming Secrets Unveiled,Education,21-02-2025,181225,19684,3277,16,156,598,255,2501,82.28,379,795186,0.28,External,Mobile,India,352.46,Male,GardenGuru
VID0784,Top Tech Innovations,Technology,22-02-2025,296286,23651,374,464,1445,200,280,9581,13.97,139,388054,7.02,Suggested,Desktop,Canada,774.17,Male,FitnessPro
VID0785,Gaming Secrets Unveiled,Lifestyle,23-02-2025,290060,33480,4546,4471,250,848,303,10167,99.29,512,753815,6.48,External,Tablet,UK,30.42,Male,TechGuru
VID0786,Home Gardening Tips,Education,24-02-2025,65324,47071,3697,1827,877,508,320,13476,21.73,436,470836,4.17,External,TV,UK,672.95,Female,DIYExpert
VID0787,Street Food Tasting,Entertainment,25-02-2025,177037,17171,3062,8711,1632,321,436,13924,81.65,80,923969,5.3,Suggested,Tablet,India,816.4,Female,CalmWithYoga
VID0788,Cooking with Flair,Gaming,26-02-2025,389076,20174,4690,5956,529,274,322,13544,45.53,432,208572,9.48,Search,TV,UK,932.27,Male,EduMath
VID0789,Inspirational Life Stories,Education,27-02-2025,136720,25288,3250,89,326,210,345,12979,54.3,592,248529,5.99,External,Mobile,Germany,876.3,Male,TravelLover
VID0790,Yoga for Stress Relief,Education,28-02-2025,167205,2407,4595,4815,960,503,401,16212,89.26,505,209547,6.61,Suggested,Tablet,Germany,319.38,Female,ChefAntonio
VID0791,Street Food Tasting,Technology,01-03-2025,444893,40001,4559,2851,894,902,392,639,47.16,116,975991,0.73,Direct,Tablet,Germany,586.36,Male,LifeCoachAnna
VID0792,Inspirational Life Stories,Lifestyle,02-03-2025,97059,11305,112,2843,96,117,293,11074,58.37,97,365669,1.74,Direct,Desktop,UK,77.29,Female,StreetEats
VID0793,DIY Home Makeover,Gaming,03-03-2025,488804,6006,3197,9117,512,702,86,13946,14.44,71,131009,3.08,Suggested,Desktop,Germany,257.87,Female,GameMaster
VID0794,Top Tech Innovations,Entertainment,04-03-2025,494166,2691,2378,6543,215,553,148,5715,10.21,86,762572,5.44,Search,Tablet,Canada,94.22,Male,InspireNow
VID0795,Hidden Travel Destinations,Gaming,05-03-2025,99317,15249,1924,5901,1155,41,248,16116,32.03,225,295607,7.79,Suggested,Tablet,USA,315.19,Male,ChefAntonio
VID0796,Unboxing Latest Gadgets,Entertainment,06-03-2025,202207,45018,139,969,1283,314,320,3056,71.25,91,528061,3.28,Search,Tablet,India,875.19,Male,GameMaster
VID0797,Fitness Routines for Beginners,Lifestyle,07-03-2025,298190,40051,1424,1094,124,787,404,8177,20.91,292,540118,3.63,Direct,TV,Canada,347.17,Female,TechGuru
VID0798,Mind-Blowing Science Experiments,Entertainment,08-03-2025,441280,25250,2949,6124,1105,328,282,3822,20.24,141,153066,2.64,External,Mobile,Germany,561.9,Male,LifeCoachAnna
VID0799,Car Review: Latest Model,Technology,09-03-2025,102459,31952,3168,7347,1306,16,361,12159,46.99,207,601210,2.62,Suggested,Desktop,USA,433.38,Female,GamerKing
VID0800,Gaming Secrets Unveiled,Technology,10-03-2025,238697,42970,516,3195,1706,282,378,5187,68.31,55,909021,9.49,Direct,Mobile,India,458.92,Female,LifeCoachAnna
VID0801,Healthy Living Tips,Technology,11-03-2025,201422,49921,2616,1404,58,942,197,10438,74.09,439,3712,6.39,External,Desktop,Canada,969.57,Male,StreetEats
VID0802,Top Tech Innovations,Technology,12-03-2025,309037,1383,887,6940,1567,257,43,2270,26.06,560,232631,1.64,Direct,Desktop,India,296.15,Female,StreetEats
VID0803,Fitness Routines for Beginners,Gaming,13-03-2025,102520,33791,3104,4290,160,574,355,3491,17.16,346,477157,7.25,Suggested,Desktop,UK,627.32,Female,TravelLover
VID0804,Cooking with Flair,Lifestyle,14-03-2025,388962,1225,49,3982,283,573,27,7042,94.64,561,612382,7.25,Suggested,Tablet,Germany,420.06,Male,EduMath
VID0805,Tech Reviews: Best Smartphones,Entertainment,15-03-2025,62272,1629,3951,5555,105,611,428,18100,33.46,135,132652,6.7,External,Desktop,Canada,61.15,Female,FitnessPro
VID0806,Unboxing Latest Gadgets,Entertainment,16-03-2025,224224,26270,3560,7954,1128,18,16,13906,86.8,493,295319,1.43,Suggested,Mobile,Canada,489.33,Female,LifeCoachAnna
VID0807,Fitness Routines for Beginners,Technology,17-03-2025,330793,8538,18,4713,1462,528,126,14892,87.71,275,22507,4.14,Direct,Desktop,USA,813.34,Male,StreetEats
VID0808,Street Food Tasting,Technology,18-03-2025,327818,20195,4821,3092,227,836,378,12909,79.53,110,638593,1.16,External,Mobile,USA,98.75,Male,DIYExpert
VID0809,Inspirational Life Stories,Education,19-03-2025,145832,16254,1473,4159,1723,422,167,14955,25.2,425,345285,8.18,External,Desktop,USA,69.59,Male,LifeCoachAnna
VID0810,Inspirational Life Stories,Lifestyle,20-03-2025,153999,8104,4061,6308,1605,465,243,9208,83.96,551,620603,6.59,Direct,Desktop,India,153.63,Male,GamerKing
VID0811,Hidden Travel Destinations,Gaming,21-03-2025,349619,9852,2606,7478,317,372,386,6558,79.23,293,833747,5.12,Search,Tablet,Germany,764.4,Female,GameMaster
VID0812,Street Food Tasting,Entertainment,22-03-2025,62367,43460,451,8476,1487,757,75,2856,63.71,303,870414,3.5,External,Mobile,India,724,Male,TechGuru
VID0813,Fitness Routines for Beginners,Education,23-03-2025,230027,26919,3765,4933,801,762,230,6953,40.35,201,787571,1.92,Search,Desktop,Germany,565.02,Female,ChefAntonio
VID0814,Mind-Blowing Science Experiments,Education,24-03-2025,406804,36732,2438,4926,1622,966,203,7809,33.63,294,326237,1.15,Direct,Desktop,Canada,468.23,Male,InspireNow
VID0815,Unboxing Latest Gadgets,Entertainment,25-03-2025,384894,26615,4310,9379,1905,80,449,18420,20.97,55,512664,9.7,Direct,Mobile,India,888.33,Female,TravelLover
VID0816,Hidden Travel Destinations,Gaming,26-03-2025,233750,24317,1549,3969,873,550,247,19575,55.88,498,78538,2.08,External,Desktop,India,766.7,Female,ChefAntonio
VID0817,Street Food Tasting,Education,27-03-2025,236806,23272,3474,2965,471,547,301,12947,62.67,505,356543,0.69,Suggested,TV,India,811.94,Female,TravelLover
VID0818,Fitness Routines for Beginners,Education,28-03-2025,381298,33094,127,4319,1079,423,213,17452,42.34,385,790668,9.62,External,Tablet,UK,813.26,Male,AdventureSeeker
VID0819,Cooking with Flair,Lifestyle,29-03-2025,184305,15136,4855,8975,624,428,214,7397,52.78,55,778294,5.53,Suggested,Mobile,Germany,642.72,Male,EduMath
VID0820,Mind-Blowing Science Experiments,Gaming,30-03-2025,45738,11839,2761,7108,12,387,157,16356,42.72,63,16973,7.99,Search,Tablet,Germany,458.01,Female,DIYExpert
VID0821,Travel Vlog: Europe,Education,31-03-2025,34397,32320,4456,9141,1463,997,68,3303,67.69,293,653559,0.53,Suggested,TV,India,864.68,Male,GardenGuru
VID0822,Home Gardening Tips,Gaming,01-04-2025,345333,49516,4664,3939,1041,920,392,6599,91.11,167,126301,5.71,External,TV,UK,926.01,Female,GardenGuru
VID0823,Fashion Hacks for 2023,Entertainment,02-04-2025,339511,9687,1415,44,693,708,84,5273,24.75,595,952023,4.04,Suggested,TV,India,23.81,Female,StreetEats
VID0824,Travel Vlog: Europe,Technology,03-04-2025,203332,44617,201,1810,972,669,266,17373,44.33,491,894530,7.74,Direct,Mobile,Germany,51.55,Female,AdventureSeeker
VID0825,Educational Insights: Math,Education,04-04-2025,383729,30229,2369,4566,112,203,68,11750,22.68,197,611411,0.48,Search,TV,Canada,958.74,Female,WanderlustJen
VID0826,Hidden Travel Destinations,Lifestyle,05-04-2025,339763,745,517,9021,228,195,98,9273,66.24,110,508752,4.08,Direct,Mobile,UK,277.16,Male,WanderlustJen
VID0827,Yoga for Stress Relief,Entertainment,06-04-2025,112453,31030,1341,1909,170,727,346,7482,75.6,436,225597,8.01,Direct,Mobile,UK,873.37,Female,EduMath
VID0828,Thrilling Game Walkthrough,Gaming,07-04-2025,20816,16399,4776,6364,294,284,496,901,93.87,75,299464,5.27,Direct,Desktop,India,388.8,Female,TechGuru
VID0829,Hidden Travel Destinations,Entertainment,08-04-2025,436456,30190,1988,2581,188,968,449,8334,35.1,82,216433,5.55,Direct,Mobile,Canada,119.1,Female,EduMath
VID0830,Car Review: Latest Model,Education,09-04-2025,400492,22053,3545,691,425,195,215,13997,95.52,505,320233,1.06,Suggested,TV,Germany,80.44,Male,EduMath
VID0831,Street Food Tasting,Gaming,10-04-2025,246011,46543,4520,931,976,306,414,15297,15.69,45,721667,1.41,Direct,Mobile,USA,156.51,Male,ScienceNerd
VID0832,Mind-Blowing Science Experiments,Technology,11-04-2025,498415,26575,3802,7910,1102,663,160,19833,64.27,389,281058,6.8,Suggested,Mobile,Germany,249.89,Female,TechGuru
VID0833,Thrilling Game Walkthrough,Entertainment,12-04-2025,342674,18988,3275,6382,657,13,422,10069,15.14,516,390022,6.78,Direct,Tablet,Germany,488.52,Male,CalmWithYoga
VID0834,Fitness Routines for Beginners,Education,13-04-2025,417715,43832,3654,3406,918,836,93,3301,90.44,531,24720,9.79,External,TV,Canada,701.5,Male,InspireNow
VID0835,Fitness Routines for Beginners,Lifestyle,14-04-2025,482792,16187,2434,8339,1205,145,173,16833,57.68,170,585319,7.15,Direct,Mobile,UK,986.4,Male,FitnessPro
VID0836,Fashion Hacks for 2023,Gaming,15-04-2025,372000,46405,4873,1032,498,937,164,10072,70.24,476,372646,4.98,External,Desktop,Germany,441.51,Female,StreetEats
VID0837,DIY Home Makeover,Entertainment,16-04-2025,214567,46137,207,1311,1821,56,114,683,84.84,319,507909,8.59,Suggested,Mobile,UK,518.18,Female,GameMaster
VID0838,Thrilling Game Walkthrough,Entertainment,17-04-2025,72635,9446,2633,8579,761,722,219,12819,23.53,238,698285,1.13,Search,Mobile,Canada,521.82,Female,EduMath
VID0839,Hidden Travel Destinations,Technology,18-04-2025,370947,687,4117,3121,865,779,443,3477,13.47,504,9887,4.55,Suggested,Tablet,Canada,539.43,Male,WanderlustJen
VID0840,Travel Vlog: Europe,Technology,19-04-2025,217184,12863,153,1873,825,209,30,14955,89.1,442,246252,2.94,Search,TV,India,517.74,Female,WanderlustJen
VID0841,DIY Home Makeover,Lifestyle,20-04-2025,299090,42045,3366,9107,1731,528,10,3501,38.34,456,601603,1.14,Search,TV,USA,8.77,Male,GamerKing
VID0842,Street Food Tasting,Lifestyle,21-04-2025,318348,4179,4314,6781,1858,797,342,13736,21.61,400,552372,7.66,Direct,Desktop,Canada,1.72,Female,GardenGuru
VID0843,Street Food Tasting,Education,22-04-2025,183958,36216,4764,3748,70,343,376,19669,52.16,319,569571,5.16,Search,Desktop,Canada,97.67,Female,CarCritic
VID0844,Unboxing Latest Gadgets,Education,23-04-2025,465868,20315,1518,277,247,714,129,15838,63.85,461,695669,5.61,Suggested,Desktop,UK,101.56,Female,LifeCoachAnna
VID0845,Cooking with Flair,Lifestyle,24-04-2025,278707,25917,2600,1859,145,610,487,6872,12.79,297,710187,4.17,Direct,Mobile,Canada,704.9,Male,TravelLover
VID0846,Mind-Blowing Science Experiments,Lifestyle,25-04-2025,93324,24865,2195,5929,1641,278,104,19831,34.74,180,649282,4.66,Search,Mobile,Germany,204.92,Male,ScienceNerd
VID0847,Epic Gaming Adventure,Gaming,26-04-2025,224536,30212,4498,6792,1798,208,26,10231,12.95,284,640602,1.25,Suggested,Desktop,India,894.71,Male,TechGuru
VID0848,Hidden Travel Destinations,Technology,27-04-2025,233944,25656,4691,4713,1319,640,226,888,47.83,382,250639,6.76,Search,TV,India,928.61,Male,ScienceNerd
VID0849,Top Tech Innovations,Education,28-04-2025,272991,18199,3554,4675,581,334,1,16284,90.56,406,917684,4.38,Search,TV,Germany,975.89,Female,GamerKing
VID0850,Gaming Secrets Unveiled,Technology,29-04-2025,27155,43653,2414,1170,469,287,358,2989,98.44,387,500728,8.19,Direct,Desktop,Canada,939.08,Female,ScienceNerd
VID0851,Home Gardening Tips,Technology,30-04-2025,342815,45196,2849,8681,1529,251,100,9669,67.33,399,666717,2.04,Direct,Tablet,USA,271.89,Female,InspireNow
VID0852,Unboxing Latest Gadgets,Lifestyle,01-05-2025,117891,6550,1742,9374,192,264,20,10241,24.55,256,698121,2.13,Suggested,TV,Canada,509.78,Male,GardenGuru
VID0853,Fitness Routines for Beginners,Gaming,02-05-2025,346454,13330,1306,5308,1091,270,57,19756,91.53,332,860520,6.49,Direct,TV,India,175.45,Female,TechGuru
VID0854,Top Tech Innovations,Entertainment,03-05-2025,461494,29109,3849,2462,493,923,388,12034,56.46,418,934999,8.48,Direct,Desktop,USA,806.21,Female,WanderlustJen
VID0855,Healthy Living Tips,Gaming,04-05-2025,150381,5533,4168,9822,1840,919,179,9869,23.84,406,247009,4.77,External,TV,UK,888.43,Female,ChefAntonio
VID0856,Cooking with Flair,Gaming,05-05-2025,132691,33966,4576,287,51,699,428,7712,92.96,147,14080,7.3,External,Mobile,UK,851.29,Female,TravelLover
VID0857,Inspirational Life Stories,Technology,06-05-2025,477410,39964,4655,5953,881,418,340,18976,78.17,34,543028,9.99,Suggested,Mobile,Canada,433.37,Male,GamerKing
VID0858,Travel Vlog: Europe,Gaming,07-05-2025,444324,18810,4840,4282,362,725,348,16305,75.85,473,779139,9.9,Direct,TV,Canada,758.67,Female,GardenGuru
VID0859,Home Gardening Tips,Education,08-05-2025,35707,11539,4195,1907,1820,794,19,14034,73.83,381,346090,7.47,Suggested,Mobile,USA,97.58,Female,Fashionista
VID0860,Thrilling Game Walkthrough,Technology,09-05-2025,414553,41955,2555,1161,916,210,254,10195,28.03,562,469468,7.42,External,Tablet,USA,40.24,Female,CarCritic
VID0861,Street Food Tasting,Education,10-05-2025,344681,16121,2305,129,473,364,316,4340,28.99,153,891465,2.55,External,TV,Canada,753.24,Female,Fashionista
VID0862,Yoga for Stress Relief,Entertainment,11-05-2025,198576,6516,4508,6337,1869,75,37,18806,71.95,306,779059,8.35,External,Desktop,India,425.36,Male,CalmWithYoga
VID0863,Yoga for Stress Relief,Technology,12-05-2025,179686,7080,1088,2363,520,659,147,10848,29.78,423,964115,4.11,Suggested,Mobile,UK,995.55,Male,CalmWithYoga
VID0864,DIY Home Makeover,Entertainment,13-05-2025,223500,18158,2642,8151,1786,320,497,5398,49.48,389,484163,9.62,Direct,Tablet,USA,97.25,Male,EduMath
VID0865,Hidden Travel Destinations,Technology,14-05-2025,354299,11201,1177,5983,1454,724,24,1961,80.38,498,428582,0.91,Search,Tablet,India,855.63,Female,GamerKing
VID0866,Epic Gaming Adventure,Lifestyle,15-05-2025,263425,40818,4916,143,1867,432,385,14242,80.56,86,605762,4.41,Direct,Mobile,Canada,479.98,Female,DIYExpert
VID0867,Car Review: Latest Model,Gaming,16-05-2025,159492,32702,4757,8207,1321,108,120,7420,50.79,280,598189,5.6,Suggested,Tablet,Germany,827.15,Female,AdventureSeeker
VID0868,Home Gardening Tips,Lifestyle,17-05-2025,475112,9222,2994,7469,1458,640,415,11467,81.3,179,213665,4.11,External,TV,USA,817.13,Female,CarCritic
VID0869,Mind-Blowing Science Experiments,Entertainment,18-05-2025,171102,12676,559,244,1719,521,25,17582,85.48,481,405927,2.18,Search,Tablet,Germany,915.99,Female,Fashionista
VID0870,Tech Reviews: Best Smartphones,Gaming,19-05-2025,395274,27616,2964,926,690,46,453,5347,68.93,191,452701,5.97,Suggested,Mobile,India,297.85,Male,ChefAntonio
VID0871,DIY Home Makeover,Technology,20-05-2025,218285,22533,1271,3178,1221,378,168,1834,30.56,149,164840,7.58,External,Tablet,UK,949.8,Male,TechGuru
VID0872,Street Food Tasting,Gaming,21-05-2025,339404,1189,1813,2176,1151,826,322,4763,34.66,380,790578,6.48,Suggested,Mobile,India,151.67,Female,Fashionista
VID0873,DIY Home Makeover,Education,22-05-2025,160476,37446,2915,5002,531,95,224,6009,38.34,128,711231,2.42,Search,Mobile,UK,81.97,Female,EduMath
VID0874,DIY Home Makeover,Gaming,23-05-2025,235554,9227,609,886,1434,957,0,19900,20.51,196,772911,7.34,External,Tablet,India,431.62,Male,LifeCoachAnna
VID0875,Mind-Blowing Science Experiments,Education,24-05-2025,499500,10587,2461,8532,1957,102,306,12918,34.58,543,305460,2.64,Direct,Mobile,USA,828.32,Female,ChefAntonio
VID0876,Inspirational Life Stories,Gaming,25-05-2025,161928,255,4120,3398,839,891,260,17164,28.86,430,89960,1.83,Suggested,Mobile,USA,473.42,Male,FitnessPro
VID0877,Tech Reviews: Best Smartphones,Education,26-05-2025,141272,2058,283,8497,1088,853,12,8263,50.98,394,306756,6.94,Search,Desktop,Germany,829.29,Male,ScienceNerd
VID0878,Travel Vlog: Europe,Entertainment,27-05-2025,327322,10793,2928,9099,1717,145,402,18554,91.76,355,51548,8.44,Direct,TV,India,729.69,Female,TravelLover
VID0879,Fashion Hacks for 2023,Lifestyle,28-05-2025,297141,39212,4396,2654,240,879,395,13458,19.4,276,972915,4.87,Search,Mobile,India,209.43,Male,AdventureSeeker
VID0880,Educational Insights: Math,Technology,29-05-2025,419827,38647,1091,7392,1392,941,47,6768,74.82,463,731306,5.36,Suggested,TV,Germany,948.88,Male,SmartTechie
VID0881,Fitness Routines for Beginners,Gaming,30-05-2025,120273,28895,816,1371,535,927,408,13116,71.86,122,133350,3.1,Search,Desktop,Canada,60.78,Male,InspireNow
VID0882,Fashion Hacks for 2023,Lifestyle,31-05-2025,173307,21547,82,7135,1407,26,312,8101,18.62,297,832684,5,External,Desktop,India,898.28,Female,WanderlustJen
VID0883,Car Review: Latest Model,Technology,01-06-2025,249500,36698,1920,320,1454,731,370,10021,93.03,350,478693,1.41,Search,Desktop,India,304.44,Female,GamerKing
VID0884,Unboxing Latest Gadgets,Technology,02-06-2025,167129,41914,3491,4654,1990,529,290,2291,61.16,91,857658,9.56,Suggested,Desktop,India,500.15,Female,TechGuru
VID0885,DIY Home Makeover,Education,03-06-2025,133311,25315,3144,5300,82,678,331,8959,42.74,329,736700,8.02,External,TV,Canada,422.35,Female,EduMath
VID0886,Educational Insights: Math,Entertainment,04-06-2025,235746,9894,2093,6761,981,944,93,8972,78.09,432,945293,6.71,Search,Tablet,USA,171.83,Female,CalmWithYoga
VID0887,Gaming Secrets Unveiled,Entertainment,05-06-2025,246546,33309,4713,6854,1854,988,260,19330,33.16,596,307432,5.43,Search,Tablet,Germany,358.15,Female,DIYExpert
VID0888,Thrilling Game Walkthrough,Lifestyle,06-06-2025,197733,22524,175,5505,1720,81,481,18947,72.42,332,267391,7.94,External,TV,Canada,192.93,Female,ScienceNerd
VID0889,Epic Gaming Adventure,Entertainment,07-06-2025,127945,47346,2704,9323,950,427,277,5022,13.57,282,992826,5,Direct,Mobile,UK,203.89,Male,Fashionista
VID0890,Car Review: Latest Model,Gaming,08-06-2025,46272,37496,4937,6553,1851,583,358,4492,85.55,507,524833,3.07,Direct,TV,UK,187.06,Female,AdventureSeeker
VID0891,Street Food Tasting,Entertainment,09-06-2025,352537,6470,369,4042,610,821,204,19667,50.34,398,532546,1.69,External,Mobile,Canada,489.02,Male,GadgetUnboxer
VID0892,Mind-Blowing Science Experiments,Lifestyle,10-06-2025,324356,9628,1818,9009,573,478,184,13641,67.3,189,780185,6.51,Search,Mobile,Canada,797.93,Female,StreetEats
VID0893,Fitness Routines for Beginners,Entertainment,11-06-2025,147470,28376,2101,7498,285,765,174,19651,29.91,195,912008,9.3,Direct,Tablet,USA,568.97,Female,TravelLover
VID0894,Educational Insights: Math,Gaming,12-06-2025,121030,44433,4785,6636,988,161,437,19481,70.94,234,679297,1.62,External,Desktop,UK,893.21,Female,TechGuru
VID0895,Thrilling Game Walkthrough,Education,13-06-2025,319647,8279,3490,7362,1557,838,386,15115,79.5,296,675445,1.88,Suggested,Tablet,Germany,636.54,Female,Fashionista
VID0896,Travel Vlog: Europe,Lifestyle,14-06-2025,400854,48881,1779,11,458,931,379,3327,52.59,167,141426,4.39,Search,Tablet,India,689.34,Male,ScienceNerd
VID0897,Yoga for Stress Relief,Education,15-06-2025,7570,16943,1364,194,1235,401,308,2124,65.6,397,183648,8.09,Suggested,TV,India,667.61,Female,GadgetUnboxer
VID0898,Gaming Secrets Unveiled,Education,16-06-2025,331929,24052,4462,2537,125,507,467,16813,51.07,472,843882,3.01,Search,TV,USA,449.46,Female,ScienceNerd
VID0899,Top Tech Innovations,Education,17-06-2025,10110,33260,3342,2842,1436,37,414,2586,90.47,596,673209,2.61,Direct,Mobile,USA,689.34,Male,AdventureSeeker
VID0900,Educational Insights: Math,Technology,18-06-2025,80141,44998,4739,2229,1522,954,68,1255,54.81,46,752088,6.24,Suggested,TV,UK,69.71,Female,WanderlustJen
VID0901,Thrilling Game Walkthrough,Technology,19-06-2025,13115,29616,3676,3009,424,510,471,10182,85.76,97,677208,5.4,Suggested,Mobile,Germany,859.85,Male,FitnessPro
VID0902,Gaming Secrets Unveiled,Education,20-06-2025,40062,10549,2426,7984,553,392,103,4577,82.12,162,165868,0.7,External,Mobile,Germany,777.81,Male,ChefAntonio
VID0903,Car Review: Latest Model,Lifestyle,21-06-2025,286055,21225,72,2077,609,712,245,18669,46.95,459,494996,0.91,Direct,Desktop,Canada,245.23,Male,AdventureSeeker
VID0904,Inspirational Life Stories,Gaming,22-06-2025,105061,7518,2962,7845,1984,493,160,7186,30.71,337,19955,6.47,Direct,Desktop,USA,768.03,Female,FitnessPro
VID0905,Gaming Secrets Unveiled,Gaming,23-06-2025,295700,22846,859,3867,1566,199,199,2417,46.55,203,734684,4.7,Search,Tablet,India,12.64,Male,WanderlustJen
VID0906,Home Gardening Tips,Entertainment,24-06-2025,472347,2554,3856,4873,1181,254,215,3721,84.36,441,972025,9.71,External,Desktop,India,217.25,Male,GadgetUnboxer
VID0907,Tech Reviews: Best Smartphones,Lifestyle,25-06-2025,391479,17861,4138,8635,111,178,433,4591,30.49,126,465639,6.82,External,Mobile,UK,65.14,Male,InspireNow
VID0908,Gaming Secrets Unveiled,Technology,26-06-2025,2969,15323,2424,297,401,546,211,16016,57.2,183,232397,0.2,Search,TV,India,780.23,Female,FitnessPro
VID0909,Fitness Routines for Beginners,Education,27-06-2025,306897,6801,1064,5856,1782,593,15,15348,82.55,271,433009,4.86,Suggested,Desktop,Germany,755.87,Female,GadgetUnboxer
VID0910,Street Food Tasting,Entertainment,28-06-2025,477027,2697,2217,9036,121,388,497,2611,41.81,333,493146,4.2,Search,Desktop,Germany,813.64,Female,GameMaster
VID0911,Unboxing Latest Gadgets,Gaming,29-06-2025,398686,241,4017,1015,272,397,371,9646,67.8,314,613340,1.16,Search,Desktop,USA,4.48,Female,ChefAntonio
VID0912,Travel Vlog: Europe,Technology,30-06-2025,122863,2759,2259,1384,1317,731,331,15712,32.11,56,833048,9.24,Search,Desktop,UK,501.23,Male,CarCritic
VID0913,Home Gardening Tips,Technology,01-07-2025,273369,21080,3751,9589,397,157,204,7948,19.84,431,383105,8.07,External,Mobile,India,704.84,Female,EduMath
VID0914,Healthy Living Tips,Education,02-07-2025,124008,9131,2086,8745,470,3,364,14374,81.49,389,565272,2.38,Search,Mobile,USA,155.4,Female,GamerKing
VID0915,Travel Vlog: Europe,Gaming,03-07-2025,155268,15137,368,2350,984,166,489,17777,18.91,89,948219,2.63,Search,Tablet,Canada,649.79,Female,TechGuru
VID0916,Epic Gaming Adventure,Lifestyle,04-07-2025,106823,46838,2804,1269,1230,467,38,2565,34.42,231,344282,0.42,Search,TV,Canada,84.11,Male,InspireNow
VID0917,Epic Gaming Adventure,Technology,05-07-2025,276813,38529,150,1260,1133,959,88,16404,86.96,399,659264,3.04,Direct,Tablet,India,181.33,Male,DIYExpert
VID0918,Thrilling Game Walkthrough,Education,06-07-2025,431596,6242,1134,7701,1463,408,429,15769,41.18,562,168832,5.89,Suggested,Tablet,India,475.8,Female,GamerKing
VID0919,Fashion Hacks for 2023,Lifestyle,07-07-2025,387542,12209,2784,8376,1301,411,255,11394,97.57,181,101147,4.27,Suggested,Desktop,India,653.57,Male,TravelLover
VID0920,Travel Vlog: Europe,Gaming,08-07-2025,111677,22110,4164,4563,1986,203,479,3275,98.18,131,590430,9.7,Suggested,TV,Germany,145.87,Female,GadgetUnboxer
VID0921,Car Review: Latest Model,Technology,09-07-2025,247958,8887,2346,6897,1591,193,253,7949,34.14,475,736591,0.66,Suggested,Desktop,India,185.22,Male,LifeCoachAnna
VID0922,Street Food Tasting,Lifestyle,10-07-2025,49320,42964,4897,5672,1910,234,215,12573,13.69,258,832941,5.96,External,Mobile,Canada,204.45,Male,Fashionista
VID0923,Fitness Routines for Beginners,Lifestyle,11-07-2025,441630,8572,2250,5593,1938,717,367,9525,73.46,154,129324,8.6,External,Tablet,India,238.7,Male,WanderlustJen
VID0924,Street Food Tasting,Lifestyle,12-07-2025,497758,49675,60,6155,568,149,302,12322,50.59,265,773702,4.86,Search,TV,UK,226.55,Male,FitnessPro
VID0925,Fashion Hacks for 2023,Technology,13-07-2025,147649,23483,3010,5543,1963,158,171,8544,19.07,191,816537,0.13,External,Mobile,Canada,395.15,Male,Fashionista
VID0926,Car Review: Latest Model,Technology,14-07-2025,126354,4349,3901,7240,1505,278,136,8310,73.68,583,635667,2.5,Suggested,Tablet,UK,653.79,Male,CarCritic
VID0927,Top Tech Innovations,Entertainment,15-07-2025,89009,47817,1337,4683,1826,815,487,2859,12.81,382,971209,3.31,Direct,TV,Canada,438.03,Male,GamerKing
VID0928,Educational Insights: Math,Gaming,16-07-2025,258437,34618,1184,1881,1137,403,497,16191,88.32,97,955573,9.66,Search,Tablet,USA,775.97,Male,SmartTechie
VID0929,Gaming Secrets Unveiled,Education,17-07-2025,449625,18451,4426,8713,1916,892,470,102,22.48,202,645615,9.13,Search,TV,Canada,719.27,Female,TechGuru
VID0930,Travel Vlog: Europe,Lifestyle,18-07-2025,29625,4188,1551,3809,896,677,383,17743,21.46,588,268224,9.5,Suggested,Tablet,Canada,126.53,Female,TechGuru
VID0931,Unboxing Latest Gadgets,Entertainment,19-07-2025,213112,15382,4433,5807,819,310,177,8290,25.81,290,901834,8.28,Suggested,Desktop,UK,48.84,Female,FitnessPro
VID0932,Yoga for Stress Relief,Education,20-07-2025,287233,19430,1629,4883,852,67,76,15348,96.42,246,268044,3.58,Suggested,Tablet,UK,877.94,Male,AdventureSeeker
VID0933,Healthy Living Tips,Entertainment,21-07-2025,37487,42509,1327,7206,1500,462,187,5873,72.39,153,695503,9.07,External,Tablet,Canada,79.83,Female,GadgetUnboxer
VID0934,Car Review: Latest Model,Technology,22-07-2025,460054,21878,1526,4155,709,87,479,12886,82.12,191,752045,9.82,Search,TV,Canada,148.34,Female,Fashionista
VID0935,DIY Home Makeover,Lifestyle,23-07-2025,229071,24364,1673,4673,1956,216,497,19052,45.79,230,882964,3.57,Suggested,TV,Germany,22.13,Female,EduMath
VID0936,Epic Gaming Adventure,Education,24-07-2025,373592,5175,1361,1409,320,0,14,15137,40.27,483,127819,2.68,Direct,Desktop,USA,628.34,Male,WanderlustJen
VID0937,Car Review: Latest Model,Education,25-07-2025,489011,10512,1573,9886,178,134,291,1985,31.1,431,512693,5.51,Search,TV,USA,582.37,Male,AdventureSeeker
VID0938,Thrilling Game Walkthrough,Education,26-07-2025,313282,48554,2686,5197,896,696,496,7160,53.26,491,479889,1.95,Search,Tablet,India,986.9,Male,ScienceNerd
VID0939,Cooking with Flair,Education,27-07-2025,174895,28465,4370,7452,218,350,318,16431,59.66,304,107460,0.42,External,TV,Canada,886.93,Male,EduMath
VID0940,Mind-Blowing Science Experiments,Education,28-07-2025,431424,7330,2366,8718,788,139,324,7944,66.86,235,39515,9.46,Search,TV,Canada,410.84,Male,TravelLover
VID0941,Fashion Hacks for 2023,Entertainment,29-07-2025,317205,48300,3757,2172,1972,617,213,13550,33.14,69,334357,9.26,Suggested,TV,Canada,371.59,Male,FitnessPro
VID0942,DIY Home Makeover,Lifestyle,30-07-2025,424875,11102,2434,279,1551,132,207,9591,95.38,302,728665,1.71,Suggested,Desktop,Canada,296.85,Male,LifeCoachAnna
VID0943,Epic Gaming Adventure,Technology,31-07-2025,102376,14047,1993,3977,491,619,168,18822,25.28,122,932978,4.14,Direct,Desktop,USA,152.41,Female,TravelLover
VID0944,Street Food Tasting,Technology,01-08-2025,426106,13786,869,2669,1914,177,329,9368,96.91,71,145609,8.33,Search,Mobile,UK,138.08,Female,GadgetUnboxer
VID0945,Healthy Living Tips,Technology,02-08-2025,342278,29404,1014,7825,60,809,279,9239,11.34,494,478008,6.64,Search,Desktop,Germany,132.28,Male,WanderlustJen
VID0946,Yoga for Stress Relief,Technology,03-08-2025,310199,13174,1911,9943,1077,357,465,6891,53.3,408,786851,4.01,External,Desktop,UK,114.11,Female,TechGuru
VID0947,Tech Reviews: Best Smartphones,Entertainment,04-08-2025,244341,4593,602,3981,1703,379,304,7271,40,136,934171,7.47,Suggested,Desktop,UK,240.51,Female,LifeCoachAnna
VID0948,Educational Insights: Math,Gaming,05-08-2025,282652,34328,3821,4769,537,907,145,19215,50.42,357,89254,8.98,Direct,Tablet,USA,306.67,Male,CarCritic
VID0949,Car Review: Latest Model,Lifestyle,06-08-2025,436503,14240,690,5247,847,870,262,17353,61.36,94,222275,9.27,Suggested,Mobile,Germany,961.58,Male,TechGuru
VID0950,Unboxing Latest Gadgets,Education,07-08-2025,473132,31755,493,4427,987,657,3,193,49.2,394,305792,3.85,Search,Tablet,Canada,578.47,Female,GardenGuru
VID0951,Educational Insights: Math,Gaming,08-08-2025,159056,43572,489,6135,64,449,89,3087,47.34,513,728013,1.82,Search,Desktop,USA,987.6,Female,SmartTechie
VID0952,Hidden Travel Destinations,Technology,09-08-2025,111169,49537,2556,5573,1635,585,452,12947,75.95,53,677394,9.14,Direct,Desktop,USA,372.47,Female,FitnessPro
VID0953,Unboxing Latest Gadgets,Gaming,10-08-2025,271269,49516,4485,4131,585,462,59,10067,71.73,569,746855,1.02,Search,Mobile,Germany,457.63,Male,ChefAntonio
VID0954,Street Food Tasting,Lifestyle,11-08-2025,37059,6916,294,9900,1727,989,310,16318,84.99,91,909722,7.24,Direct,Mobile,India,324.58,Female,CalmWithYoga
VID0955,Top Tech Innovations,Education,12-08-2025,463785,11739,4027,7189,170,107,15,10552,32.5,520,873010,1.49,Direct,TV,USA,182.89,Female,TechGuru
VID0956,Inspirational Life Stories,Education,13-08-2025,104409,47292,2843,4535,1296,121,226,8727,64.86,302,57379,3.95,Suggested,Desktop,UK,143.16,Male,Fashionista
VID0957,Fitness Routines for Beginners,Lifestyle,14-08-2025,411303,46833,2912,2776,1912,16,473,5047,62.67,258,120394,4.17,Direct,Desktop,UK,945.08,Male,LifeCoachAnna
VID0958,Street Food Tasting,Lifestyle,15-08-2025,6704,29592,1717,9311,1722,195,465,6751,43.28,49,590627,1.67,Search,Tablet,Canada,986.81,Male,TechGuru
VID0959,Top Tech Innovations,Technology,16-08-2025,454792,11340,2596,7697,534,326,28,3244,53.75,32,30256,9.23,External,TV,USA,44.91,Female,ChefAntonio
VID0960,Mind-Blowing Science Experiments,Education,17-08-2025,205456,32798,4744,8386,1414,317,150,16560,38.24,450,668543,0.13,External,Desktop,Canada,150.35,Male,GameMaster
VID0961,Unboxing Latest Gadgets,Gaming,18-08-2025,219200,27057,1873,662,1963,808,244,9059,22.77,336,181057,8.95,Search,Tablet,USA,423.52,Female,TechGuru
VID0962,Cooking with Flair,Entertainment,19-08-2025,112279,32908,4663,8671,692,478,269,8397,29.24,461,229803,8.85,External,Mobile,Germany,186.33,Male,SmartTechie
VID0963,Thrilling Game Walkthrough,Entertainment,20-08-2025,466676,5927,3258,8044,1350,251,78,6794,19.5,165,404741,3.24,External,Tablet,USA,363.88,Female,TechGuru
VID0964,Street Food Tasting,Lifestyle,21-08-2025,159280,32862,2817,4218,107,502,432,15935,71.48,544,674575,7.07,Direct,Desktop,India,129.1,Female,StreetEats
VID0965,Gaming Secrets Unveiled,Technology,22-08-2025,119516,8359,444,9615,1870,998,288,19357,69.47,222,988101,2.6,External,Tablet,UK,456.51,Male,TechGuru
VID0966,Fitness Routines for Beginners,Entertainment,23-08-2025,479366,14949,3641,5060,1185,118,152,3446,95.55,444,492099,7.61,External,Tablet,Germany,271.69,Male,CalmWithYoga
VID0967,DIY Home Makeover,Education,24-08-2025,198096,16332,4458,5874,813,673,276,19632,75.67,147,495783,5.66,External,TV,UK,351.91,Female,CalmWithYoga
VID0968,Inspirational Life Stories,Lifestyle,25-08-2025,434098,40672,741,5581,1004,709,400,11440,14.68,238,617731,3.07,Suggested,TV,Canada,94.31,Male,GardenGuru
VID0969,Car Review: Latest Model,Gaming,26-08-2025,420139,24273,2041,2014,451,497,278,344,89.58,63,742976,4.06,Search,Mobile,Germany,428.13,Male,CalmWithYoga
VID0970,Epic Gaming Adventure,Lifestyle,27-08-2025,377188,5474,679,3789,1229,485,56,2725,87.64,347,993709,6.93,Direct,TV,India,983.26,Female,TechGuru
VID0971,Fitness Routines for Beginners,Gaming,28-08-2025,233549,21274,2467,9103,589,44,490,3949,49.9,149,148688,9.07,External,Tablet,UK,328.83,Male,TravelLover
VID0972,Inspirational Life Stories,Lifestyle,29-08-2025,30165,23667,3697,7148,1039,313,464,9697,62.73,554,561532,1.39,Search,TV,USA,876.43,Male,SmartTechie
VID0973,DIY Home Makeover,Lifestyle,30-08-2025,68203,35392,1358,7766,326,178,185,7837,97.85,118,125197,5.76,External,Desktop,USA,843.2,Male,SmartTechie
VID0974,Gaming Secrets Unveiled,Lifestyle,31-08-2025,485965,9377,62,2364,607,893,397,14124,57.91,541,481295,2.61,Suggested,Tablet,USA,952.06,Male,LifeCoachAnna
VID0975,Home Gardening Tips,Gaming,01-09-2025,267258,31700,2559,3629,658,417,92,12100,91.48,76,640860,8.03,Suggested,Tablet,Germany,790.11,Male,TravelLover
VID0976,Tech Reviews: Best Smartphones,Gaming,02-09-2025,459181,9985,3769,5919,1,555,275,8433,17.47,551,395840,0.8,External,Tablet,India,659.6,Female,SmartTechie
VID0977,Healthy Living Tips,Lifestyle,03-09-2025,37321,878,4351,5675,1033,782,157,17376,27.19,313,236528,6.92,External,Desktop,India,856.58,Female,TechGuru
VID0978,Unboxing Latest Gadgets,Entertainment,04-09-2025,336441,29265,134,8872,433,77,274,7410,49.67,406,693911,1.83,External,Tablet,India,75.64,Male,GameMaster
VID0979,Fashion Hacks for 2023,Technology,05-09-2025,359796,1592,3644,6638,124,325,180,2499,62.63,163,7676,6,Suggested,TV,UK,462.83,Male,DIYExpert
VID0980,Home Gardening Tips,Technology,06-09-2025,362448,30562,4970,4651,1104,689,358,4740,83.46,277,878242,8.37,Suggested,Desktop,Germany,989.26,Female,EduMath
VID0981,Epic Gaming Adventure,Technology,07-09-2025,246014,49912,4917,609,484,356,439,19444,98.94,347,777153,7.58,Search,Tablet,USA,769.6,Female,Fashionista
VID0982,Healthy Living Tips,Gaming,08-09-2025,157498,13715,2135,7940,651,415,76,10491,45,465,458534,7.55,Direct,TV,UK,962.08,Female,ChefAntonio
VID0983,Car Review: Latest Model,Gaming,09-09-2025,18772,45000,3278,3866,1861,962,465,17953,14.27,205,514111,5.23,Direct,TV,India,779.63,Female,FitnessPro
VID0984,Mind-Blowing Science Experiments,Entertainment,10-09-2025,366898,43046,822,371,1173,514,150,10992,82.11,380,150248,8.92,Suggested,Mobile,USA,874.88,Male,LifeCoachAnna
VID0985,Unboxing Latest Gadgets,Technology,11-09-2025,266856,7951,3074,6998,799,213,445,11297,64.39,172,45677,5.92,Direct,TV,Germany,706.53,Female,CarCritic
VID0986,Cooking with Flair,Technology,12-09-2025,395583,16388,2981,615,872,853,237,13150,27.87,427,484012,9.18,External,TV,Canada,760.5,Male,GadgetUnboxer
VID0987,Educational Insights: Math,Lifestyle,13-09-2025,239389,7256,120,6911,1363,73,288,3474,54.53,398,111123,5.51,Search,Mobile,India,523.18,Male,TravelLover
VID0988,Home Gardening Tips,Gaming,14-09-2025,116142,2144,1637,6010,128,562,230,13011,76.81,530,525785,5.11,Suggested,Mobile,India,924.24,Male,TechGuru
VID0989,Top Tech Innovations,Technology,15-09-2025,92736,7468,924,2253,437,578,487,8947,79.34,399,453046,2.3,Suggested,Desktop,India,825.04,Female,LifeCoachAnna
VID0990,Mind-Blowing Science Experiments,Entertainment,16-09-2025,52924,20000,644,4942,750,508,17,14885,54.97,411,961773,5.49,Direct,TV,India,843.88,Male,GamerKing
VID0991,Travel Vlog: Europe,Entertainment,17-09-2025,4726,30700,2032,864,500,331,72,11060,37.47,115,496684,1.49,External,Desktop,USA,673.01,Female,WanderlustJen
VID0992,Top Tech Innovations,Technology,18-09-2025,352296,46503,2761,1268,1081,92,416,13635,97.64,489,644967,8.71,Search,Desktop,Germany,304.58,Male,TravelLover
VID0993,Home Gardening Tips,Gaming,19-09-2025,28723,25734,2068,7454,1221,687,415,8334,69.7,354,247939,6.79,Direct,Tablet,UK,35.63,Male,SmartTechie
VID0994,DIY Home Makeover,Entertainment,20-09-2025,390113,9268,241,8976,210,656,188,10603,46.74,551,996657,9.94,Suggested,Desktop,USA,935.66,Male,StreetEats
VID0995,Yoga for Stress Relief,Lifestyle,21-09-2025,235182,21061,2668,4571,1937,518,437,5222,35.24,518,645191,1.01,Suggested,Desktop,Germany,586.12,Male,InspireNow
VID0996,,Entertainment,22-09-2025,363638,49979,802,,901,268,16,9952,75.8,426,929235,2.48,Direct,Desktop,UK,298.14,Female,CarCritic
VID0997,,Education,23-09-2025,141180,44196,4164,,44,375,18,5487,31.8,384,95787,8.78,External,Desktop,India,149.14,Female,ChefAntonio
VID0998,,Education,24-09-2025,209786,46187,195,,1120,833,218,7731,25.45,317,120074,4.01,Search,Mobile,Germany,829.52,Female,GadgetUnboxer
VID0999,,Gaming,25-09-2025,36643,23952,2187,,1302,3,325,7326,57.69,488,990980,4.72,Search,TV,India,836.52,Male,CarCritic
VID1000,,Technology,26-09-2025,163396,33210,3515,,534,137,482,5208,36.1,565,781251,8.62,Search,Tablet,Germany,814.51,Female,TechGuru
VID1001,,Gaming,27-09-2025,367040,32274,2330,,1433,230,119,18708,66.6,320,122009,5.27,Search,Mobile,Canada,645.08,Male,DIYExpert
VID1002,,Gaming,28-09-2025,215432,34315,2359,,460,599,100,2210,20.61,197,348091,2.02,External,Tablet,India,366.02,Male,GadgetUnboxer
VID1003,,Gaming,29-09-2025,140999,27055,4841,,390,528,33,1057,68.94,457,896454,8.93,Suggested,Tablet,India,304.07,Male,GamerKing
,,,,,,,,,,,,,,,,,,,,,
,,,,,,,,,,,,,,,,,,,,,
,,,,,,,,,,,,,,,,,,,,,
,,,,,,,,,,,,,,,,,,,,,
,,,,,,,,,,,,,,,,,,,,,
,,,,,,,,,,,,,,,,,,,,,
,,,,,,,,,,,,,,,,,,,,,
,,,,,,,,,,,,,,,,,,,,,
,,,,,,,,,,,,,,,,,,,,,
,,,,,,,,,,,,,,,,,,,,,
,,,,,,,,,,,,,,,,,,,,,
,,,,,,,,,,,,,,,,,,,,,
,,,,,,,,,,,,,,,,,,,,,
,,,,,,,,,,,,,,,,,,,,,
,,,,,,,,,,,,,,,,,,,,,
,,,,,,,,,,,,,,,,,,,,,
,,,,,,,,,,,,,,,,,,,,,
,,,,,,,,,,,,,,,,,,,,,
,,,,,,,,,,,,,,,,,,,,,
,,,,,,,,,,,,,,,,,,,,,
,,,,,,,,,,,,,,,,,,,,,
,,,,,,,,,,,,,,,,,,,,,
,,,,,,,,,,,,,,,,,,,,,
,,,,,,,,,,,,,,,,,,,,,
,,,,,,,,,,,,,,,,,,,,,
,,,,,,,,,,,,,,,,,,,,,
,,,,,,,,,,,,,,,,,,,,,
,,,,,,,,,,,,,,,,,,,,,
,,,,,,,,,,,,,,,,,,,,,
,,,,,,,,,,,,,,,,,,,,,
,,,,,,,,,,,,,,,,,,,,,
,,,,,,,,,,,,,,,,,,,,,
,,,,,,,,,,,,,,,,,,,,,
,,,,,,,,,,,,,,,,,,,,,
,,,,,,,,,,,,,,,,,,,,,
,,,,,,,,,,,,,,,,,,,,,
,,,,,,,,,,,,,,,,,,,,,
,,,,,,,,,,,,,,,,,,,,,
,,,,,,,,,,,,,,,,,,,,,
,,,,,,,,,,,,,,,,,,,,,
,,,,,,,,,,,,,,,,,,,,,
,,,,,,,,,,,,,,,,,,,,,
,,,,,,,,,,,,,,,,,,,,,
,,,,,,,,,,,,,,,,,,,,,
,,,,,,,,,,,,,,,,,,,,,
,,,,,,,,,,,,,,,,,,,,,
,,,,,,,,,,,,,,,,,,,,,
,,,,,,,,,,,,,,,,,,,,,
,,,,,,,,,,,,,,,,,,,,,
,,,,,,,,,,,,,,,,,,,,,
,,,,,,,,,,,,,,,,,,,,,
,,,,,,,,,,,,,,,,,,,,,
,,,,,,,,,,,,,,,,,,,,,
,,,,,,,,,,,,,,,,,,,,,
,,,,,,,,,,,,,,,,,,,,,
,,,,,,,,,,,,,,,,,,,,,
,,,,,,,,,,,,,,,,,,,,,
,,,,,,,,,,,,,,,,,,,,,
,,,,,,,,,,,,,,,,,,,,,
,,,,,,,,,,,,,,,,,,,,,
,,,,,,,,,,,,,,,,,,,,,
,,,,,,,,,,,,,,,,,,,,,
,,,,,,,,,,,,,,,,,,,,,
,,,,,,,,,,,,,,,,,,,,,
,,,,,,,,,,,,,,,,,,,,,
,,,,,,,,,,,,,,,,,,,,,
,,,,,,,,,,,,,,,,,,,,,
,,,,,,,,,,,,,,,,,,,,,
,,,,,,,,,,,,,,,,,,,,,
,,,,,,,,,,,,,,,,,,,,,
,,,,,,,,,,,,,,,,,,,,,
,,,,,,,,,,,,,,,,,,,,,
,,,,,,,,,,,,,,,,,,,,,
,,,,,,,,,,,,,,,,,,,,,
,,,,,,,,,,,,,,,,,,,,,
,,,,,,,,,,,,,,,,,,,,,
,,,,,,,,,,,,,,,,,,,,,
,,,,,,,,,,,,,,,,,,,,,
,,,,,,,,,,,,,,,,,,,,,
,,,,,,,,,,,,,,,,,,,,,
,,,,,,,,,,,,,,,,,,,,,
,,,,,,,,,,,,,,,,,,,,,
,,,,,,,,,,,,,,,,,,,,,
,,,,,,,,,,,,,,,,,,,,,
,,,,,,,,,,,,,,,,,,,,,
,,,,,,,,,,,,,,,,,,,,,
,,,,,,,,,,,,,,,,,,,,,
,,,,,,,,,,,,,,,,,,,,,
,,,,,,,,,,,,,,,,,,,,,
,,,,,,,,,,,,,,,,,,,,,
,,,,,,,,,,,,,,,,,,,,,
,,,,,,,,,,,,,,,,,,,,,
,,,,,,,,,,,,,,,,,,,,,
,,,,,,,,,,,,,,,,,,,,,
,,,,,,,,,,,,,,,,,,,,,
,,,,,,,,,,,,,,,,,,,,,
,,,,,,,,,,,,,,,,,,,,,
,,,,,,,,,,,,,,,,,,,,,
,,,,,,,,,,,,,,,,,,,,,
,,,,,,,,,,,,,,,,,,,,,
,,,,,,,,,,,,,,,,,,,,,
,,,,,,,,,,,,,,,,,,,,,
,,,,,,,,,,,,,,,,,,,,,
,,,,,,,,,,,,,,,,,,,,,
,,,,,,,,,,,,,,,,,,,,,
,,,,,,,,,,,,,,,,,,,,,
,,,,,,,,,,,,,,,,,,,,,
,,,,,,,,,,,,,,,,,,,,,
,,,,,,,,,,,,,,,,,,,,,
,,,,,,,,,,,,,,,,,,,,,
,,,,,,,,,,,,,,,,,,,,,
,,,,,,,,,,,,,,,,,,,,,
,,,,,,,,,,,,,,,,,,,,,
,,,,,,,,,,,,,,,,,,,,,
,,,,,,,,,,,,,,,,,,,,,
,,,,,,,,,,,,,,,,,,,,,
,,,,,,,,,,,,,,,,,,,,,
,,,,,,,,,,,,,,,,,,,,,
,,,,,,,,,,,,,,,,,,,,,
,,,,,,,,,,,,,,,,,,,,,
,,,,,,,,,,,,,,,,,,,,,
,,,,,,,,,,,,,,,,,,,,,
,,,,,,,,,,,,,,,,,,,,,
,,,,,,,,,,,,,,,,,,,,,
,,,,,,,,,,,,,,,,,,,,,
,,,,,,,,,,,,,,,,,,,,,
,,,,,,,,,,,,,,,,,,,,,
,,,,,,,,,,,,,,,,,,,,,
,,,,,,,,,,,,,,,,,,,,,
,,,,,,,,,,,,,,,,,,,,,
,,,,,,,,,,,,,,,,,,,,,
,,,,,,,,,,,,,,,,,,,,,
,,,,,,,,,,,,,,,,,,,,,
,,,,,,,,,,,,,,,,,,,,,
,,,,,,,,,,,,,,,,,,,,,
,,,,,,,,,,,,,,,,,,,,,
,,,,,,,,,,,,,,,,,,,,,
,,,,,,,,,,,,,,,,,,,,,
,,,,,,,,,,,,,,,,,,,,,
,,,,,,,,,,,,,,,,,,,,,
,,,,,,,,,,,,,,,,,,,,,
,,,,,,,,,,,,,,,,,,,,,
,,,,,,,,,,,,,,,,,,,,,
,,,,,,,,,,,,,,,,,,,,,
,,,,,,,,,,,,,,,,,,,,,
,,,,,,,,,,,,,,,,,,,,,
,,,,,,,,,,,,,,,,,,,,,
,,,,,,,,,,,,,,,,,,,,,
,,,,,,,,,,,,,,,,,,,,,
,,,,,,,,,,,,,,,,,,,,,
,,,,,,,,,,,,,,,,,,,,,
,,,,,,,,,,,,,,,,,,,,,
,,,,,,,,,,,,,,,,,,,,,
,,,,,,,,,,,,,,,,,,,,,
,,,,,,,,,,,,,,,,,,,,,
,,,,,,,,,,,,,,,,,,,,,
,,,,,,,,,,,,,,,,,,,,,
,,,,,,,,,,,,,,,,,,,,,
,,,,,,,,,,,,,,,,,,,,,
,,,,,,,,,,,,,,,,,,,,,
,,,,,,,,,,,,,,,,,,,,,
,,,,,,,,,,,,,,,,,,,,,
,,,,,,,,,,,,,,,,,,,,,
,,,,,,,,,,,,,,,,,,,,,
,,,,,,,,,,,,,,,,,,,,,
,,,,,,,,,,,,,,,,,,,,,
,,,,,,,,,,,,,,,,,,,,,
,,,,,,,,,,,,,,,,,,,,,
,,,,,,,,,,,,,,,,,,,,,
,,,,,,,,,,,,,,,,,,,,,
,,,,,,,,,,,,,,,,,,,,,
,,,,,,,,,,,,,,,,,,,,,
,,,,,,,,,,,,,,,,,,,,,
,,,,,,,,,,,,,,,,,,,,,
,,,,,,,,,,,,,,,,,,,,,
,,,,,,,,,,,,,,,,,,,,,
,,,,,,,,,,,,,,,,,,,,,
,,,,,,,,,,,,,,,,,,,,,
,,,,,,,,,,,,,,,,,,,,,
,,,,,,,,,,,,,,,,,,,,,
,,,,,,,,,,,,,,,,,,,,,
,,,,,,,,,,,,,,,,,,,,,
,,,,,,,,,,,,,,,,,,,,,
,,,,,,,,,,,,,,,,,,,,,
,,,,,,,,,,,,,,,,,,,,,
,,,,,,,,,,,,,,,,,,,,,
,,,,,,,,,,,,,,,,,,,,,
,,,,,,,,,,,,,,,,,,,,,
,,,,,,,,,,,,,,,,,,,,,
,,,,,,,,,,,,,,,,,,,,,
,,,,,,,,,,,,,,,,,,,,,
,,,,,,,,,,,,,,,,,,,,,
,,,,,,,,,,,,,,,,,,,,,
,,,,,,,,,,,,,,,,,,,,,
,,,,,,,,,,,,,,,,,,,,,
,,,,,,,,,,,,,,,,,,,,,
,,,,,,,,,,,,,,,,,,,,,
